date,concentration,t,co,no,no2,so2,c10h16,c5h8
2008-02-10,940.2642857142861,292.3877,1.2779441e-07,4.643695e-10,6.8485139999999996e-09,8.223868e-09,2.00465e-09,1.6563572e-08
2008-02-11,1225.918965517241,291.92657,1.5467386999999998e-07,3.9189224e-10,7.015376e-09,7.07916e-09,3.4329855e-09,2.2267982999999996e-08
2008-02-12,728.3543648648645,293.67783,1.9347328e-07,7.861726e-10,9.070235999999999e-09,8.7108765e-09,4.4836570000000005e-09,2.5990799999999997e-08
2008-02-13,1209.2831386861312,293.5152,2.9448327000000003e-07,5.823956999999999e-09,1.0161993e-08,1.2627545e-08,8.095739000000001e-09,3.5744870000000005e-08
2008-02-14,1119.9595620437954,293.28238,1.9124686999999997e-07,6.370232e-10,8.813868e-09,8.553258e-09,3.0210976e-09,2.0229216e-08
2008-02-15,2127.755661764708,295.49703999999997,3.3456837000000003e-07,5.6790626e-09,2.2926792999999998e-08,1.3763225000000001e-08,6.7165122e-09,3.3362239999999995e-08
2008-02-16,2522.410218978102,295.9296,2.2509776000000002e-07,5.13102e-10,8.908581e-09,1.1390712e-08,1.8736293e-09,1.6570771e-08
2008-02-17,1977.461643835616,295.86237,2.0016593e-07,1.1227881e-09,1.9862517e-08,9.946254999999999e-09,1.985609e-09,1.6735853999999998e-08
2008-02-18,3740.730714285715,296.36742999999996,4.3856743999999997e-07,9.484179e-09,3.1348137e-08,2.2630984999999998e-08,7.0269466e-09,3.7221035e-08
2008-02-19,2978.5034782608705,297.0799,3.5032178000000003e-07,2.7896490000000003e-09,2.1376147e-08,1.7040168000000003e-08,4.3187853e-09,2.5820116e-08
2008-02-20,1447.5277611940296,296.38007000000005,1.7406396e-07,8.439434e-10,1.16077485e-08,1.5131246e-08,9.379151e-10,9.095067e-09
2008-02-21,3011.8789062499995,295.97925,2.2179617e-07,8.9445307e-10,1.3998818000000002e-08,1.30801014e-08,2.0156132e-09,1.4102698999999999e-08
2008-02-22,1671.0097435897437,296.16116,3.2650928e-07,2.5692624e-09,2.3133195e-08,1.6621485e-08,3.1914285e-09,1.7788452000000002e-08
2008-02-23,1788.7116788321164,295.325,2.6397396e-07,7.348464e-10,1.3813163999999997e-08,1.212731e-08,1.4374705e-09,1.13400995e-08
2008-02-24,1384.933138686132,295.63443,2.8200793000000003e-07,5.7149585e-10,1.2334936e-08,1.2069795e-08,2.089374e-09,1.4340722e-08
2008-02-25,1329.7191240875914,295.71854,1.9349632e-07,2.7560692999999996e-10,1.0754825000000001e-08,8.122612e-09,1.2790288e-09,1.03965165e-08
2008-02-26,1560.955182481752,295.0693,1.8215395e-07,2.7880537e-10,6.403494000000001e-09,6.892678000000001e-09,1.5699484e-09,1.1965386e-08
2008-02-27,1253.1672262773718,295.0942,3.2446627e-07,2.6229009999999996e-09,1.2910957e-08,1.0354369000000001e-08,6.0019449999999996e-09,2.8181060000000002e-08
2008-02-28,1614.2097591240874,295.97797,3.425414e-07,4.7382174e-09,2.8940741e-08,1.07352776e-08,5.2148175e-09,2.2966544e-08
2008-02-29,1643.891428571429,295.38962000000004,2.5529843e-07,3.721361e-10,9.090174000000002e-09,8.697431999999999e-09,2.2588909e-09,1.4484139e-08
2008-03-01,1130.8819852941174,294.17285,2.6556327e-07,4.069438e-10,1.2108536999999999e-08,9.899316999999998e-09,2.3396467e-09,1.7116987000000003e-08
2008-03-02,1707.7358394160578,295.9004,4.7503983000000007e-07,9.150182e-09,1.8722108e-08,1.4992445e-08,7.531016e-09,3.1991895e-08
2008-03-03,1394.6638686131396,295.78542999999996,2.7147099999999996e-07,5.2246796e-10,1.0349827000000001e-08,1.09904486e-08,2.3812035e-09,1.47281325e-08
2008-03-04,1411.6038636363644,295.79126,2.6654935999999997e-07,9.535002e-10,1.58535e-08,9.274096e-09,2.7438323e-09,1.572384e-08
2008-03-05,1171.8948965517234,294.48276,3.610363e-07,1.8382859e-09,2.469455e-08,1.559588e-08,2.6896965e-09,1.497781e-08
2008-03-06,1462.4717518248178,294.24408,2.0492655e-07,1.0149922e-09,9.794824000000001e-09,1.1819877000000001e-08,1.7458484e-09,1.1026552000000001e-08
2008-03-07,1080.8654545454551,294.17212,2.929788e-07,1.6907725e-09,2.1080062e-08,1.1245996e-08,3.0685229999999998e-09,1.6969423e-08
2008-03-08,2120.1735766423362,293.99712999999997,2.8117940000000003e-07,1.2181702e-09,2.1616762e-08,1.4705072e-08,1.5035028e-09,1.0197792e-08
2008-03-09,1679.4737956204376,294.03,3.6724492e-07,3.031697e-09,2.3086062999999996e-08,1.5238715e-08,3.2405665e-09,1.5959153999999997e-08
2008-03-10,1890.036496350365,295.59943,4.5887159999999996e-07,7.86024e-09,2.1766317000000003e-08,1.5492919e-08,6.229236e-09,2.3453497000000005e-08
2008-03-11,1168.6076190476194,295.67865,3.4643215999999996e-07,4.800319000000001e-09,1.8188391e-08,1.3310993999999999e-08,3.5721779e-09,1.4647915000000001e-08
2008-03-12,1130.906370370371,295.36914,3.3296909999999996e-07,5.0326845e-09,1.2441662e-08,1.2708281e-08,3.2284429999999998e-09,1.1796695e-08
2008-03-13,1634.3768148148151,293.89142000000004,2.870427e-07,2.0829332e-09,1.1919717e-08,1.4984117e-08,1.5403633e-09,8.016025999999999e-09
2008-03-14,701.8343442622947,291.48897999999997,2.0263720000000003e-07,5.677050000000001e-10,1.27139534e-08,1.1783941e-08,1.2355716e-09,8.238934e-09
2008-03-15,946.6450364963504,291.47162000000003,2.6141305e-07,5.3651644e-10,1.1661172e-08,9.849391e-09,1.6742631e-09,9.754143e-09
2008-03-16,381.8726277372264,287.24627999999996,1.849694e-07,8.0221585e-10,1.6075925e-08,1.5614697e-08,7.7140505e-10,7.1650064e-09
2008-03-17,429.7136206896551,284.57202,1.4313584e-07,4.919457e-10,7.825535e-09,8.70001e-09,8.8765556e-10,7.3850215e-09
2008-03-18,619.0435172413796,287.11133,1.8647218e-07,9.066745699999999e-10,7.725053e-09,7.3364124e-09,1.8296318e-09,1.1501992e-08
2008-03-27,1605.044736842105,291.95264,5.2215444e-07,2.8636042e-09,2.2601963e-08,1.6386895000000003e-08,3.5883105e-09,1.5706487e-08
2008-03-28,1544.1959055118111,292.07816,5.857882599999999e-07,6.7086443e-09,2.1794843e-08,1.684322e-08,5.2713993e-09,1.9723055e-08
2008-03-29,1765.3326277372269,292.97885,9.123661e-07,2.1889191e-08,2.4245860000000003e-08,2.3030726e-08,8.305517e-09,2.99931e-08
2008-03-30,990.7255474452554,291.14474,4.4731980000000003e-07,2.0830517e-09,1.6247383999999997e-08,1.315435e-08,2.460516e-09,1.3275816e-08
2008-03-31,1370.0424087591246,291.45587,7.3376583e-07,1.4533197e-08,3.3096473e-08,2.0253106e-08,7.188441999999999e-09,2.6654883e-08
2008-04-01,1656.8697674418609,290.1455,5.425551e-07,3.0276677e-09,2.7074134999999998e-08,1.6298363999999998e-08,4.0660932e-09,1.7376147000000003e-08
2008-04-02,1586.758029197081,290.06763,7.798758000000001e-07,1.3728491000000003e-08,2.0950738000000003e-08,2.1161473e-08,6.3504215e-09,2.3662072999999997e-08
2008-04-03,1819.0418604651159,289.61105,3.533952e-07,1.3886021e-09,1.8016426999999998e-08,2.0319343e-08,1.31994e-09,8.229531e-09
2008-04-04,1790.8108759124084,291.12625,4.864576e-07,2.1123086e-09,1.9061770000000002e-08,1.5362173999999998e-08,2.9276872e-09,1.568749e-08
2008-04-05,1809.694615384616,291.99773999999996,5.6533156e-07,8.0786e-09,1.8775383e-08,1.9366047999999998e-08,5.116543e-09,2.082163e-08
2008-04-06,1770.214275362319,291.86352999999997,5.546873499999999e-07,6.3250063e-09,1.8150080000000003e-08,1.8034720000000002e-08,4.471375e-09,1.8531429e-08
2008-04-07,1137.8845985401465,291.06946,7.5009154e-07,2.4361727000000002e-08,2.1059122000000003e-08,2.5994854e-08,6.9066703e-09,2.4738986e-08
2008-04-08,1152.4981746031744,290.30917,8.153853599999999e-07,2.4448127e-08,1.9001544999999998e-08,2.7510388999999998e-08,7.4247595e-09,2.7314966e-08
2008-04-09,891.6739455782312,289.69707999999997,3.9365963000000003e-07,3.0048974e-09,1.46032315e-08,1.4813343000000002e-08,2.6872118e-09,1.3464436000000002e-08
2008-04-10,1391.5495275590545,289.74384,5.855637e-07,6.053965e-09,2.0176383e-08,1.8383256000000002e-08,4.277443000000001e-09,1.90919e-08
2008-04-11,1384.7049655172416,290.0539,8.218634e-07,1.7637754e-08,1.731207e-08,2.4103880000000003e-08,7.121203000000001e-09,2.8489638999999996e-08
2008-04-12,1202.104140625,289.7997,8.8261453e-07,2.5182294999999998e-08,2.2279899e-08,2.9115552999999997e-08,6.0663408e-09,2.3034987e-08
2008-04-13,805.5886029411762,289.25677,5.4213615e-07,8.490671e-09,3.264533e-08,2.7903962000000004e-08,2.9228922e-09,1.39005305e-08
2008-04-14,1555.2086861313865,288.87006,8.0108117e-07,1.6499621e-08,2.3137613999999998e-08,3.344728e-08,6.0800924e-09,2.2609887000000006e-08
2008-04-15,1592.430078125,288.92896,6.561847399999999e-07,6.8703776e-09,1.9603873999999998e-08,2.3584628e-08,4.423179e-09,1.8553875e-08
2008-04-16,1060.284160583942,289.8729,6.842634e-07,1.5560009999999998e-08,2.1778012000000002e-08,2.6038032e-08,5.8671903e-09,2.5858992999999998e-08
2008-04-17,964.2600840336128,291.12784,1.027819e-06,3.550181700000001e-08,2.3062462000000003e-08,2.9507515e-08,9.215117000000001e-09,3.7123293e-08
2008-04-18,1025.6934653465348,291.16037,1.2561105000000001e-06,4.88017e-08,1.603316e-08,3.328835e-08,9.295453999999999e-09,3.524019e-08
2008-04-19,2413.276271186441,292.0597,5.372363000000001e-07,4.8588973e-09,1.6503956000000003e-08,1.6771068e-08,3.2812946e-09,1.6750139e-08
2008-04-20,1209.8414565217392,288.29073999999997,4.0839427e-07,2.588826e-09,1.2534425e-08,1.3088826e-08,3.0157070000000004e-09,1.3246254e-08
2008-04-21,827.9370469798657,284.276,1.4254191e-07,6.9257167e-10,7.1767294e-09,1.1433476999999999e-08,5.068630000000001e-10,3.5837004e-09
2008-04-22,2179.897777777779,285.5844,8.065438e-07,2.2518712000000005e-08,2.5721254e-08,3.338275e-08,5.9238214e-09,2.1739545e-08
2008-04-23,3201.0014598540147,286.0093,1.5629539e-06,6.0941865e-08,1.9459066999999997e-08,3.7435429999999995e-08,1.0589837e-08,3.9743510000000004e-08
2008-04-24,3453.353543307086,287.18866,1.2246375e-06,3.0520343999999995e-08,2.2892735000000003e-08,2.9983934e-08,6.8670722e-09,2.8309959e-08
2008-04-25,3485.123357664234,287.94287,7.911965e-07,7.986522999999999e-09,2.3204474999999996e-08,2.0999252e-08,3.7105732e-09,1.9240971e-08
2008-04-26,2683.776086956522,289.0992,5.8872274e-07,5.1168656e-09,1.5733082e-08,1.8184808000000002e-08,3.5567136e-09,1.9398223e-08
2008-04-27,2367.603649635036,290.0136,9.238235999999999e-07,2.2188479e-08,1.4670643000000001e-08,2.1932548e-08,5.8425380000000006e-09,2.4342414e-08
2008-04-28,2353.870802919708,290.87357000000003,6.400848e-07,3.77718e-09,2.3496243e-08,1.8859303e-08,3.3527820000000003e-09,1.6301563000000002e-08
2008-04-29,2112.0732846715327,290.0074,6.688984999999999e-07,4.6451856e-09,2.4728460000000003e-08,2.0020947e-08,3.4481630000000003e-09,1.5928222e-08
2008-04-30,2109.0502739726026,289.64874,4.6259964000000004e-07,2.2585718e-09,2.0011894e-08,1.5316653e-08,2.6207896e-09,1.32405455e-08
2008-05-01,1376.8081751824814,290.5305,6.565448999999999e-07,5.0675899999999995e-09,1.9918678e-08,2.0787207999999996e-08,4.003794e-09,1.7515006e-08
2008-05-02,915.034255319149,287.09862999999996,2.4674324e-07,7.5222106e-10,1.3367052e-08,1.5625819e-08,5.413368e-10,3.756358e-09
2008-05-03,652.477299270073,285.84802,1.5604763e-07,1.2251778999999998e-10,4.2197614e-09,4.974112e-09,4.419547e-10,3.4654868e-09
2008-05-04,767.2838686131386,286.61832000000004,2.2660207e-07,5.208833400000001e-10,7.264333000000001e-09,8.889868000000001e-09,1.0748029e-09,6.552668e-09
2008-05-05,1223.371369863014,286.5344,5.1896484e-07,7.1281847e-09,1.584987e-08,2.2439682e-08,3.0034455e-09,1.5368824e-08
2008-05-06,974.2132450331133,287.55078,1.7456581e-06,6.769003e-08,1.8367273999999996e-08,3.909778e-08,1.0122163e-08,3.7099987e-08
2008-05-07,1463.356564417178,288.26785,1.0937321000000002e-06,3.169333e-08,3.7638582e-08,3.9257102e-08,6.3105440000000005e-09,2.4748398999999996e-08
2008-05-08,2939.458591549296,288.23306,1.7733122e-06,6.383833e-08,2.2270687e-08,4.1224199999999997e-08,8.3307885e-09,3.1649034e-08
2008-05-09,3397.623456790122,289.05194,1.7748787e-06,5.280511e-08,2.6029267999999997e-08,3.5963872e-08,8.366015999999999e-09,3.2140875e-08
2008-05-10,3075.195679012347,290.36823,8.001850999999999e-07,5.401813e-09,3.445134e-08,2.1670674e-08,3.0370004e-09,1.7341401000000002e-08
2008-05-11,1520.7928658536587,291.21332,5.815695699999999e-07,3.1500258e-09,1.7394793e-08,1.8197785e-08,2.943927e-09,1.4679643999999999e-08
2008-05-12,910.594981595092,287.94876,6.6347127e-07,1.4503627e-08,1.9342064e-08,2.8953153e-08,3.5733436e-09,1.4857723e-08
2008-05-13,1053.417416149068,288.70782,6.3979735e-07,1.0769868999999998e-08,1.4668328000000001e-08,2.7041060000000003e-08,4.181166e-09,1.7343868999999998e-08
2008-05-14,1626.8095705521466,288.841,1.3079123000000002e-06,3.9701995e-08,2.0761138999999998e-08,3.3763946e-08,7.3945605e-09,2.7500652000000004e-08
2008-05-15,2381.8730061349684,289.0573,1.5069062e-06,3.3879356e-08,2.637543e-08,2.8927252999999996e-08,5.9047145e-09,2.3346762999999998e-08
2008-05-16,3204.409202453988,289.85247999999996,1.3451682e-06,2.4609191000000004e-08,2.716784e-08,2.8119125000000002e-08,5.2561075e-09,2.232455e-08
2008-05-17,3409.816564417178,289.76477,1.7328884e-06,6.023077500000001e-08,2.6832968e-08,3.9426567000000004e-08,6.742075e-09,2.3308902999999996e-08
2008-05-18,1495.8658124999995,288.74658,4.3711929999999993e-07,1.1639669e-09,1.3847825e-08,1.5788850000000002e-08,1.2275142e-09,7.410770000000001e-09
2008-05-19,1595.7799390243897,288.30922999999996,7.537444999999999e-07,9.318905999999999e-09,1.8895911999999998e-08,1.8585279e-08,3.1297422e-09,1.5525064e-08
2008-05-20,1906.6456410256421,286.6198,6.289798e-07,5.4423093e-09,1.686501e-08,1.7281480000000002e-08,2.8048293e-09,1.3201514999999999e-08
2008-05-21,1640.4414110429452,286.11615,9.0415375e-07,1.4555962e-08,1.8607848e-08,2.1754522000000002e-08,4.3355159999999995e-09,1.8684835e-08
2008-05-22,2568.5627607361976,286.8349,1.4044711999999998e-06,3.9399744e-08,2.8279023999999996e-08,2.8161516e-08,6.566932e-09,2.574919e-08
2008-05-23,3342.519631901841,286.10553,1.6296266e-06,5.5992246e-08,4.6587765e-08,3.7541199999999996e-08,6.153204000000001e-09,2.2953872999999998e-08
2008-05-24,2159.141280487805,285.73776000000004,6.187484e-07,3.3256986e-09,1.9277646000000002e-08,2.0366513999999997e-08,1.5997804e-09,8.685964000000001e-09
2008-05-25,1053.392608695653,284.80286,4.4215273e-07,3.2222214e-09,1.1927736e-08,1.4010874e-08,1.1478106e-09,6.904667e-09
2008-05-26,1700.4720121951218,285.89996,3.8164423999999994e-07,1.3152036e-09,1.3884882999999999e-08,1.4470856999999998e-08,8.7113544e-10,5.3067923e-09
2008-05-27,1671.926134969325,286.39563,5.267468e-07,2.6135438e-09,1.543607e-08,1.7945926e-08,1.6946384e-09,8.360721e-09
2008-05-28,1638.8101226993865,286.88599999999997,1.1354765e-06,2.1764080000000005e-08,2.1123867000000002e-08,2.938289e-08,3.902314e-09,1.5860173999999997e-08
2008-05-29,2584.111042944785,287.1209,1.7968128999999999e-06,5.038331700000001e-08,4.474648999999999e-08,3.8143142e-08,5.6792637e-09,2.03077e-08
2008-05-30,3395.944171779141,287.12726000000004,1.1742823e-06,2.0607478e-08,2.9383534e-08,2.8059376999999998e-08,3.3821501e-09,1.4144741000000002e-08
2008-05-31,2908.426871165645,287.78015,7.3569436e-07,3.3515803e-09,2.1155019e-08,2.0969955e-08,1.9587392e-09,1.00875495e-08
2008-06-01,1705.0095705521476,287.8375,1.2657038e-06,2.987418e-08,2.8931575e-08,2.4873993e-08,4.1934265e-09,1.665367e-08
2008-06-02,2232.4015950920257,288.12146,6.692859500000001e-07,3.4517813e-09,1.9509475e-08,2.129151e-08,1.7509366e-09,8.044762e-09
2008-06-03,2236.407975460124,287.24576,4.1302235e-07,1.1355619e-09,1.5467164e-08,1.4398706000000001e-08,6.843013400000001e-10,4.821374e-09
2008-06-04,1341.659079754602,284.81296000000003,4.9554296e-07,9.620922e-10,1.8246062e-08,1.7454896e-08,9.355502e-10,5.1141797e-09
2008-06-05,1303.413595092024,282.60413,7.820555e-07,1.4226464999999999e-08,2.2330195e-08,3.707798e-08,2.0279587e-09,8.875754e-09
2008-06-06,2494.597484662577,283.57462000000004,1.5415263999999998e-06,5.2833922e-08,2.0767199999999998e-08,4.6118952e-08,4.0080472e-09,1.44218255e-08
2008-06-07,2347.914969325153,284.41217,1.5079520999999999e-06,4.4170452e-08,2.204128e-08,4.1640533e-08,4.163623e-09,1.4902376e-08
2008-06-08,2378.286564417177,285.22017999999997,2.1317446000000003e-06,6.382214e-08,1.2526051999999999e-08,4.3325804999999994e-08,4.5004609999999995e-09,1.5781787e-08
2008-06-09,2520.631901840493,284.49365,5.3570636e-07,3.0741494e-09,1.4093341999999999e-08,1.927246e-08,6.204215e-10,3.3589564e-09
2008-06-10,1920.4328220858893,283.1631,4.0133398e-07,2.0664732e-09,1.1048963999999999e-08,1.2833183000000002e-08,7.4537565e-10,4.4261173e-09
2008-06-11,2294.721288343558,282.81433,6.482096e-07,5.3543197e-09,1.9012882e-08,1.9647468e-08,1.3289776e-09,6.12584e-09
2008-06-12,1962.537672955976,284.6493,9.990835e-07,1.6413264999999998e-08,2.1295098999999998e-08,2.984273e-08,2.164638e-09,9.069363000000002e-09
2008-06-13,3999.638364779875,285.36053,1.911551e-06,5.414861e-08,2.8129751e-08,4.603656500000001e-08,3.2930085e-09,1.1490053e-08
2008-06-14,4704.686503067484,284.96906,2.4995747000000003e-06,7.1189e-08,1.0098318000000001e-08,5.4872902999999997e-08,3.1695166e-09,1.07576765e-08
2008-06-15,5399.69754601227,285.13715,2.4804256e-06,5.5972432000000005e-08,4.307216e-08,5.1950195e-08,2.972907e-09,1.0280109e-08
2008-06-16,3611.2987730061354,283.77246,2.6328955e-06,6.979357e-08,4.131516e-08,5.5937505e-08,2.687406e-09,8.734273000000002e-09
2008-06-17,1859.8619631901847,284.35393999999997,7.204164e-07,2.4619842e-09,2.1940536000000002e-08,2.3908817999999997e-08,6.916101599999999e-10,3.5379340000000005e-09
2008-06-18,1422.1992073170734,285.95905,3.5611043e-07,1.032574e-09,1.0128169e-08,1.3471636e-08,2.5296112e-10,1.5712014e-09
2008-06-19,2015.6503067484664,285.02823,3.242876e-07,8.1428775e-10,9.929261999999998e-09,1.1191823999999999e-08,2.7136167999999997e-10,1.8077996e-09
2008-06-20,2286.4322085889576,285.8129,4.696136e-07,1.7999151e-09,1.4178316e-08,1.6516948e-08,5.669415e-10,3.0096166e-09
2008-06-21,2561.8861349693234,285.95673,6.880058000000001e-07,4.752481e-09,1.8564824e-08,2.1367099999999997e-08,1.0361974e-09,4.6902215e-09
2008-06-22,2111.167607361964,285.29263,1.7576373000000001e-06,4.2174538000000004e-08,3.4607506e-08,4.4194437e-08,1.988684e-09,6.581285e-09
2008-06-23,2824.3557668711637,284.78552,1.7145022e-06,4.7867360000000003e-08,2.3667447999999997e-08,5.4546295e-08,2.0395792e-09,6.8556028e-09
2008-06-24,3259.0615950920237,283.41522000000003,2.0501454e-06,6.055891e-08,4.347112e-08,6.221798e-08,2.3397559999999998e-09,7.4319213e-09
2008-06-25,4438.087116564416,283.69424,2.0467737e-06,6.225338e-08,2.8503802000000005e-08,5.6233688e-08,2.4346007e-09,8.219995999999999e-09
2008-06-26,4761.382822085891,283.97726,2.0071634e-06,4.3231925e-08,3.618561e-08,4.599014e-08,2.2099569e-09,7.796371999999999e-09
2008-06-27,3701.444585987261,283.65765,2.1138876e-06,6.660456e-08,4.966305e-08,5.3697985e-08,2.8344773e-09,9.179302e-09
2008-06-28,2627.0699386503065,283.64108,2.171155e-06,6.852422e-08,3.487508e-08,5.2457150000000006e-08,2.922092e-09,9.3109085e-09
2008-06-29,2772.344294478526,283.78018,2.4398998e-06,7.1635455e-08,2.9448872e-08,5.494046e-08,2.96619e-09,9.432848999999999e-09
2008-06-30,3468.819018404907,283.37967000000003,2.2241582000000002e-06,6.258444e-08,2.8219487000000002e-08,5.142588e-08,2.5169207e-09,7.708512e-09
2008-07-01,2898.7460122699376,284.29514,1.2350338e-06,1.3797116000000003e-08,3.246367e-08,2.5522075000000003e-08,1.1503378e-09,4.888082e-09
2008-07-02,2831.7748466257676,285.38495,7.877596300000001e-07,3.7287635e-09,2.9346848999999996e-08,2.1440509999999996e-08,9.185277e-10,4.1321213e-09
2008-07-03,3306.519018404908,285.78564,1.2785656e-06,1.761353e-08,2.491537e-08,2.6965220000000004e-08,1.2134557e-09,4.633241e-09
2008-07-04,3341.0754601226995,286.9265,7.784102e-07,1.9348356e-09,2.3389457e-08,2.1367905e-08,8.149527e-10,3.6667820000000003e-09
2008-07-05,1063.5795092024541,283.21686,4.419384e-07,4.4033004e-09,1.2322777e-08,1.6382251999999998e-08,4.560506e-10,2.275014e-09
2008-07-06,889.5104146341463,281.83333999999996,4.7020835999999995e-07,4.2101083e-09,1.5527344999999998e-08,1.9735355e-08,5.955031e-10,2.8417069e-09
2008-07-07,1736.9368571428574,282.55658,2.1202375e-06,6.4984526e-08,5.404893e-08,4.596476e-08,2.4321447e-09,6.9640476e-09
2008-07-09,1493.3228205128207,286.62282999999996,5.2401197e-07,2.4346223e-09,1.5351143e-08,1.44921355e-08,4.5085158e-10,2.3854754e-09
2008-07-10,1380.3920858895706,280.63046,5.020458499999999e-07,4.679127e-09,2.0171763e-08,2.9804470000000004e-08,4.5785872e-10,1.9453092e-09
2008-07-11,3500.506748466258,281.64617999999996,1.3459672000000001e-06,4.2264517e-08,3.1409908e-08,5.1424568e-08,1.1978210000000002e-09,3.5589556e-09
2008-07-12,2228.3006134969337,283.39145,5.2134567e-07,1.4104687e-09,1.5385993e-08,1.6841362e-08,5.2220006e-10,2.631206e-09
2008-07-13,2822.971165644173,284.19678,1.0961193999999998e-06,1.8951868000000004e-08,2.7696193999999998e-08,4.097626e-08,1.1564175e-09,4.0375254e-09
2008-07-14,2760.9905521472388,284.12487999999996,1.1278338e-06,1.48410555e-08,2.9688488e-08,2.6624195999999997e-08,1.2337671e-09,4.4442086e-09
2008-07-15,2956.9898765432104,283.91675,1.2993632e-06,1.97719e-08,2.6241447999999997e-08,2.7809242999999996e-08,1.1862186e-09,4.130035e-09
2008-07-16,2835.296319018405,285.48856,1.272969e-06,1.7648558e-08,3.951504e-08,3.353561e-08,1.3697922e-09,5.2038134e-09
2008-07-17,4471.242763157895,285.06403,1.5167972e-06,4.0032198e-08,4.4455703e-08,5.413422e-08,1.3716918e-09,4.111357e-09
2008-07-18,3181.265337423314,284.546,8.694048599999999e-07,1.1167196000000001e-08,1.9980080000000003e-08,2.2973e-08,9.047647e-10,4.0928114e-09
2008-07-19,4442.5490797546,284.02783,2.3338714e-06,5.990378e-08,3.2334395e-08,4.899369999999999e-08,2.3371194e-09,7.127215e-09
2008-07-20,3782.907975460124,284.6044,2.1748769999999997e-06,4.8199822999999995e-08,3.7996894999999996e-08,4.410824e-08,2.1471505e-09,7.0375448e-09
2008-07-21,4262.260122699389,285.4073,1.9180563e-06,3.3629269999999996e-08,3.718045e-08,3.9857343999999995e-08,1.7841043e-09,6.6826336e-09
2008-07-22,4564.739263803679,285.04456,2.023114e-06,4.97195e-08,3.8559183e-08,5.828409400000001e-08,1.9479323e-09,6.721356e-09
2008-07-23,3450.3901840490803,284.88662999999997,1.5734421e-06,2.3152784999999997e-08,3.1321623e-08,3.882111e-08,1.421606e-09,5.4548694e-09
2008-07-24,2246.446687116564,284.63312,1.0464524e-06,9.470402e-09,2.9466634999999998e-08,2.8745497000000003e-08,1.2452228e-09,5.2869162e-09
2008-07-25,4082.5195121951215,284.6669,1.7723900000000001e-06,4.317932e-08,3.506491000000001e-08,3.7015639999999996e-08,2.1017275e-09,7.634274999999999e-09
2008-07-26,4428.369938650305,284.4202,2.357862e-06,5.6081965999999995e-08,4.6321864999999996e-08,4.5508557e-08,2.3101085e-09,7.929916e-09
2008-07-27,2592.5184049079753,285.54086,1.0284965e-06,7.3566553e-09,3.3327885999999996e-08,2.5650053000000002e-08,1.0529878e-09,5.1900329999999994e-09
2008-07-28,1162.7463803680992,285.09906,1.1607729999999999e-06,2.2946278e-08,4.2924434e-08,3.5192468e-08,1.3678735e-09,5.8874585e-09
2008-07-29,2954.8732919254658,284.53717,2.3498826e-06,8.129901e-08,3.6134296000000006e-08,5.2167888e-08,2.638505e-09,8.884415e-09
2008-07-30,4113.350306748465,286.68912,9.168867299999999e-07,5.8003513e-09,3.095108e-08,2.3364627999999995e-08,1.0133185e-09,5.4560005e-09
2008-07-31,3349.723926380368,287.05927,1.1862521e-06,1.9222087e-08,2.7010077999999997e-08,2.5400873000000003e-08,1.2944904e-09,5.8790173e-09
2008-08-01,4097.904878048781,288.51572000000004,1.1349315e-06,1.8201105e-08,2.4928632e-08,2.8124202e-08,1.7758675e-09,7.719378000000001e-09
2008-08-02,4102.8944785276035,287.06052,2.71983e-06,8.146607000000001e-08,2.9190008999999998e-08,5.0257642999999995e-08,2.8930407e-09,1.02172075e-08
2008-08-03,2974.5460122699383,286.97308,2.3694933999999997e-06,6.42655e-08,3.9047308e-08,4.7512980000000004e-08,2.3814175e-09,8.743003e-09
2008-08-04,1946.1667484662585,286.00497,5.821263e-07,2.281726e-09,1.5388366000000003e-08,1.7529914e-08,4.8304555e-10,3.058469e-09
2008-08-05,2651.1880368098164,286.40817000000004,1.0954470000000002e-06,1.2842601999999998e-08,3.4036546e-08,2.7528764999999996e-08,1.6332393e-09,7.714880000000001e-09
2008-08-06,2860.401840490797,287.2104,2.0222906e-06,5.507176599999999e-08,4.8371010000000007e-08,4.2219059999999995e-08,2.7548899999999998e-09,1.1016506000000002e-08
2008-08-07,2745.707926829269,287.64624,1.8852442e-06,4.1989495e-08,2.975171e-08,3.6670723e-08,2.5548903e-09,1.0280940999999999e-08
2008-08-08,2778.891025641026,287.55707,1.933692e-06,5.7354000000000005e-08,4.1381237999999995e-08,4.536237e-08,2.8442724e-09,1.0769540000000002e-08
2008-08-09,1654.7481595092022,287.4052,1.8944143e-06,3.425982e-08,3.76625e-08,3.6078543e-08,2.267923e-09,8.967508e-09
2008-08-10,3743.9030061349695,285.9969,1.1256016000000002e-06,2.2063615000000005e-08,2.7440045e-08,4.0636117e-08,1.2824860000000002e-09,5.965203e-09
2008-08-11,2344.76319018405,285.80676,8.855855600000001e-07,6.778095000000001e-09,2.189992e-08,2.269236e-08,1.2677684e-09,7.130556e-09
2008-08-12,2795.118711656441,285.96375,1.0227341e-06,1.4051020000000001e-08,1.9518485000000002e-08,2.6220288e-08,1.4221271e-09,7.2097475e-09
2008-08-13,2626.264417177913,286.99017000000003,6.7765563e-07,4.303044e-09,1.8792823e-08,2.094377e-08,1.0485592e-09,6.315970999999999e-09
2008-08-14,2367.4975460122705,288.53265,1.0328971e-06,1.4508281e-08,2.6506515999999998e-08,2.6149676e-08,1.6806239e-09,8.7361665e-09
2008-08-15,3073.84417177914,289.0805,1.7332776999999998e-06,3.1548e-08,4.4572598e-08,3.1507640000000004e-08,1.7297123e-09,7.597374e-09
2008-08-16,2057.0628658536602,288.90854,6.653121400000001e-07,2.4376599e-09,2.1481590000000002e-08,1.9656619999999997e-08,9.649413e-10,5.6921885e-09
2008-08-17,1946.6982208588934,286.7384,5.805952e-07,7.551323e-09,1.544208e-08,3.437737999999999e-08,6.078416e-10,2.7801237e-09
2008-08-18,1045.724110429448,285.9285,2.1877285e-07,2.8912034e-10,5.5582925e-09,6.5375819999999995e-09,1.6445915e-10,1.6797683e-09
2008-08-19,1657.0879141104294,286.4828,2.6511475e-07,3.727618e-10,8.075946999999999e-09,1.0388618e-08,2.8221717000000004e-10,2.2771667e-09
2008-08-20,2218.6859154929584,289.5119,9.4224913e-07,8.737778e-09,2.9479637000000003e-08,2.4029204e-08,1.6792415e-09,8.785980999999999e-09
2008-08-21,2226.782926829268,290.71152,6.187971999999999e-07,1.3707114e-09,1.7620973e-08,1.745194e-08,6.7148914e-10,4.8278093e-09
2008-08-22,2773.62699386503,291.82422,8.748990000000001e-07,4.0145759999999996e-09,2.9010355e-08,2.2172883999999996e-08,1.2084271e-09,7.7986995e-09
2008-08-23,2993.2509202454,292.64197,1.1243933e-06,1.10563825e-08,3.1780953e-08,2.3125362999999997e-08,1.2419228e-09,6.9337616e-09
2008-08-24,2146.0155828220863,291.25366,5.5055e-07,2.84497e-09,1.4422155000000001e-08,1.5982327e-08,6.892610000000001e-10,4.8329656e-09
2008-08-25,2522.137607361963,292.08263999999997,7.173845e-07,3.788546e-09,2.099389e-08,1.6675028000000004e-08,8.7701874e-10,5.542364e-09
2008-08-26,1350.1250306748461,290.582,7.642109999999999e-07,8.252244e-09,2.6121423e-08,2.5466415e-08,8.346852700000001e-10,4.895528e-09
2008-08-27,3260.947975460122,290.2861,2.410617e-06,6.444807e-08,4.804572e-08,4.5114163000000005e-08,2.020545e-09,7.499463e-09
2008-08-28,2439.07975609756,292.11237,4.3139633000000004e-07,5.5332705e-10,1.06792575e-08,9.907111999999998e-09,2.0312635e-10,2.0125235e-09
2008-08-29,1783.7315950920251,290.87045,7.002944000000001e-07,8.546857e-09,2.1723150000000004e-08,2.6910258999999997e-08,9.259590300000001e-10,5.589341e-09
2008-08-30,2269.186503067485,291.82403999999997,8.793812e-07,5.0374163e-09,2.2736397999999997e-08,1.6599937e-08,1.0017197e-09,4.8171644e-09
2008-08-31,1251.0589754601226,288.12485,5.1554065e-07,4.020127999999999e-09,1.47339625e-08,9.318583e-09,5.330697e-10,3.0955840000000002e-09
2008-09-01,2043.0905460122706,285.50872999999996,3.1857957e-07,3.5075887e-09,9.676901e-09,1.5539458e-08,5.841539e-10,3.752791e-09
2008-09-02,4370.2116564417165,287.69174,1.1212953e-06,2.6047259e-08,2.2221837000000003e-08,3.673932e-08,1.8261118e-09,8.083486999999998e-09
2008-09-03,2439.138853503185,290.8243,7.935149e-07,5.5802345e-09,2.23196e-08,2.1082958e-08,1.336373e-09,8.695783000000001e-09
2008-09-04,3359.955214723927,290.28,9.967296e-07,1.2902956e-08,2.360828e-08,2.9939162e-08,1.4070527e-09,6.6453163e-09
2008-09-05,2220.0239263803696,292.50793,7.3500837e-07,2.7541514e-09,2.3323771e-08,1.8065366000000004e-08,6.876237e-10,4.5897344e-09
2008-09-06,3347.388466257666,291.3906,1.2962623e-06,2.9360854999999997e-08,3.0495207999999996e-08,4.091493e-08,1.3753387e-09,5.4698406e-09
2008-09-07,2150.5952760736195,292.02402,3.7515514000000003e-07,9.024601e-10,9.959906e-09,1.1327764999999998e-08,3.7810655e-10,2.9740495e-09
2008-09-08,1820.691411042944,295.597,1.1616421e-06,1.5606172e-08,3.0295844e-08,2.3666582000000002e-08,1.8315606e-09,9.386022e-09
2008-09-09,2665.3134146341463,296.87653,1.2697087e-06,1.48633506e-08,3.802206200000001e-08,2.406487e-08,1.7752559e-09,8.981385e-09
2008-09-10,1188.2222699386493,294.73413,8.500341999999999e-07,8.399453000000002e-09,2.6404226000000005e-08,2.9611158e-08,9.752859e-10,5.2765317e-09
2008-09-11,1072.1755828220855,291.58896,3.2278762999999997e-07,1.9289049999999998e-09,1.4961178999999998e-08,2.2181953999999998e-08,2.9988861e-10,2.5011304e-09
2008-09-12,954.6124539877296,288.29117,2.6236694e-07,6.6082184e-10,7.96415e-09,7.576235e-09,3.9112455e-10,2.4019913e-09
2008-09-13,820.6673006134965,287.63953,1.7249680999999999e-07,1.874163e-10,3.9817296e-09,5.3778746e-09,1.554952e-10,1.5786975e-09
2008-09-14,1021.6664417177916,289.14642000000003,2.3508832000000002e-07,4.970336400000001e-10,7.652116e-09,9.2453725e-09,2.6248617000000004e-10,2.2356297e-09
2008-09-15,1388.4764417177912,292.09033,3.7726343e-07,1.4249164e-09,1.4030871999999999e-08,1.2867747e-08,5.6326444e-10,4.2700017e-09
2008-09-16,1085.4662576687117,293.93958,7.018366500000001e-07,4.3417976e-09,2.1064755000000002e-08,1.730259e-08,1.2793245e-09,7.344346e-09
2008-09-17,2478.7364102564097,292.68076,7.800688300000001e-07,8.490498e-09,2.6505191000000003e-08,2.7957063999999997e-08,9.929586e-10,6.5827703e-09
2008-09-18,1905.400632911392,290.94678,2.9201945e-07,4.831349e-10,7.519895e-09,7.837944e-09,2.7228175e-10,2.9182563e-09
2008-09-19,1311.3417177914114,293.81777999999997,3.943538e-07,1.1563734e-09,1.2596181999999998e-08,1.3969363e-08,7.1844847e-10,6.145571999999999e-09
2008-09-20,786.6189726027403,290.3132,4.1232892e-07,6.6228534e-09,1.21466455e-08,2.5027548e-08,9.620426e-10,5.54508e-09
2008-09-21,733.7121472392639,285.58698,2.1374821e-07,1.1052131e-09,9.723421e-09,1.8944235e-08,2.8603273e-10,3.1955778e-09
2008-09-22,1375.1542236024845,288.7071,5.2072625e-07,4.3552117e-09,2.131916e-08,2.6994991e-08,1.5256078e-09,9.976456000000001e-09
2008-09-23,1466.675214723926,293.31818,4.4904771999999995e-07,1.2364569e-09,1.4748723999999998e-08,1.2398178999999999e-08,1.4538557e-09,1.1262896e-08
2008-09-24,748.7614765100668,291.83057,3.3249637e-07,1.8120384e-09,1.1082771999999999e-08,1.5366023e-08,1.2036591e-09,1.0574813999999999e-08
2008-09-25,2979.8704729729725,292.21155,1.3711586e-06,5.215846e-08,2.9222479e-08,3.731385e-08,7.1558883e-09,4.137422499999999e-08
2008-09-26,1830.9080864197533,294.82385,1.0216448000000002e-06,1.488944e-08,3.226419e-08,2.261411e-08,3.6153547e-09,2.1902979999999998e-08
2008-09-27,2003.6275828220869,292.06396,3.0525967999999997e-07,1.214561e-09,1.43620955e-08,1.7229718e-08,7.537037e-10,7.2689432e-09
2008-09-28,1087.8274233128834,289.22458,3.4502526e-07,5.4708815e-10,1.248522e-08,1.5110972e-08,8.8170765e-10,7.843839e-09
2008-09-29,1340.830981595092,291.177,2.3242957e-07,3.5177314e-10,6.170196e-09,7.115988e-09,7.43785e-10,8.296933000000002e-09
2008-09-30,1931.2343558282212,295.79095,3.8833996999999994e-07,5.9934413e-10,1.2011842e-08,1.1371454999999999e-08,1.2728044e-09,1.3400731e-08
2008-10-01,1833.4971165644165,297.099,8.752163e-07,1.02022115e-08,2.0876125999999998e-08,2.4842931e-08,3.8652680000000004e-09,2.975441e-08
2008-10-02,2185.515853658537,297.0986,7.7321386e-07,2.5016964e-09,1.8113843000000002e-08,1.6018507e-08,3.914298e-09,2.9966266e-08
2008-10-03,2318.944539877301,296.54312000000004,7.0220403e-07,5.083452000000001e-09,1.9330917e-08,2.2431509999999998e-08,2.7127895e-09,2.1939639999999998e-08
2008-10-04,2140.886375000001,293.69852000000003,3.6653216e-07,2.8535417999999996e-10,7.548378e-09,7.584528e-09,8.858021e-10,1.1190871e-08
2008-10-05,1613.2335582822077,294.38083,5.264136600000001e-07,1.0834301e-09,1.4353205e-08,1.461341e-08,1.8380414e-09,1.7379616e-08
2008-10-06,709.9803105590066,291.9549,2.1869667e-07,3.789366e-10,6.0313106e-09,6.6320927e-09,6.938565e-10,8.543680000000001e-09
2008-10-07,1336.5661963190182,291.3397,2.3759899999999998e-07,3.4137645e-10,5.64326e-09,6.7683628e-09,1.0644663e-09,1.2184864e-08
2008-10-08,1749.1934969325152,294.75705,3.6118917e-07,4.4496225999999997e-10,1.2014493e-08,1.0051987e-08,1.7791959e-09,1.7063131e-08
2008-10-09,851.1009876543214,292.84665,6.642864e-07,6.9543082e-09,2.0934479e-08,2.0252541000000002e-08,2.4167497e-09,1.8021281999999997e-08
2008-10-10,2499.825512820513,293.95282000000003,3.487829e-07,1.1238515e-09,1.6272196e-08,1.88993e-08,1.4077045e-09,1.5019003e-08
2008-10-11,3023.1883435582818,293.49084,3.2156353e-07,9.409767e-10,9.472296999999999e-09,9.2987165e-09,1.7115989e-09,1.7364880000000002e-08
2008-10-12,3377.3233128834345,295.3379,4.3594787e-07,5.3635457e-10,1.23298705e-08,1.3631773e-08,2.7629972e-09,2.5383968999999994e-08
2008-10-13,2717.150306748466,297.88696,5.128074e-07,6.327817e-10,1.9750216e-08,1.5217358e-08,3.1870468e-09,2.9199756000000005e-08
2008-10-14,2786.5073619631908,299.07996,5.7390275e-07,8.9273994e-10,1.8694101999999998e-08,1.4118738000000001e-08,2.9162757e-09,2.776837e-08
2008-10-15,1935.159512195121,297.1744,2.5265143e-07,2.0467783e-10,4.9249707e-09,5.795716e-09,1.0334675e-09,1.1712746e-08
2008-10-16,1396.0542331288345,296.13174,2.0392570000000002e-07,2.4969432e-10,4.8117546e-09,6.00703e-09,1.0284404e-09,1.2096898e-08
2008-10-17,1238.2344871794874,296.5818,2.935572e-07,3.439486e-10,9.912487e-09,9.094571e-09,2.1934665e-09,2.2339897e-08
2008-10-18,1201.307718120805,294.34897,3.411141e-07,4.7264714e-10,1.4151910000000001e-08,8.428776e-09,2.1246493e-09,2.2481492000000003e-08
2008-10-19,1142.9954430379746,294.52367999999996,3.8914945000000003e-07,3.918976e-10,1.4671879999999999e-08,9.320059000000002e-09,2.3028333e-09,2.5912039e-08
2008-10-20,1374.608827160493,294.9931,3.7121728000000004e-07,2.5594887e-10,1.0223640999999999e-08,1.1483919e-08,2.2204279999999997e-09,2.1933342000000002e-08
2008-10-21,1613.4219631901838,295.86157000000003,5.466181999999999e-07,7.043243e-10,2.7957839e-08,1.709705e-08,3.9795998e-09,3.4108467000000003e-08
2008-10-22,1760.2495031055896,298.0859,3.9256329999999997e-07,4.2431685999999996e-10,1.244894e-08,1.1625233999999998e-08,3.4993428e-09,3.3410742999999995e-08
2008-10-23,1044.9281118881113,293.80975,3.3041118e-07,9.165194e-10,1.4892991000000002e-08,1.3464788999999999e-08,3.3014094e-09,2.3340904e-08
2008-10-24,880.5655828220857,292.17865,1.7173599e-07,2.3014318e-10,4.3871764e-09,4.7712763e-09,1.4321484e-09,1.593447e-08
2008-10-25,1163.988832116788,293.1793,3.7885718e-07,2.3411535e-09,1.4534733e-08,1.0630203999999999e-08,5.1615929999999995e-09,3.0986254e-08
2008-10-26,558.5303030303028,291.639,1.7486520000000004e-07,2.7839642e-10,4.6369553e-09,4.7932756e-09,1.4408938e-09,1.5030283e-08
2008-10-30,1454.015581395349,296.28397,3.3433807e-07,3.532531e-10,1.1360589000000001e-08,9.444184e-09,3.4045944e-09,3.186788e-08
2008-10-31,1147.5026993865033,298.05334,5.9289346e-07,6.051133000000001e-09,2.3364791e-08,1.4138205e-08,8.834417e-09,6.044623000000001e-08
2008-11-01,884.1839634146339,297.9356,2.7916158000000003e-07,3.9376e-10,8.80872e-09,7.1548927e-09,2.4623834e-09,2.3358163e-08
2008-11-02,1086.1002068965518,299.39658,3.5409855e-07,3.931711e-10,1.0770389999999998e-08,8.294073000000001e-09,3.0636613e-09,2.9017391e-08
2008-11-03,1085.8790797546012,298.69885,3.857221e-07,1.5769384e-09,1.1090811e-08,1.1842339e-08,5.3314513e-09,3.5514798e-08
2008-11-04,1555.1313821138215,296.61514,2.9225856e-07,1.3031225e-09,1.3017647e-08,1.4496830000000001e-08,1.7233593e-09,1.6436262e-08
2008-11-05,1063.9521259842522,294.3186,2.481346e-07,2.2598105e-10,6.2501577e-09,5.594451e-09,2.0834639999999998e-09,2.1666638e-08
2008-11-06,1672.4380246913581,296.83078,3.7168851000000006e-07,4.215707e-10,1.322185e-08,9.65675e-09,3.623292e-09,3.3445346e-08
2008-11-07,1235.5374796747972,294.98892,3.2962345e-07,1.4744986000000001e-10,1.12385505e-08,8.413414e-09,2.9600642e-09,3.0085033e-08
2008-11-08,1190.1847239263807,292.32523,4.1727952e-07,1.7967032e-09,1.1924887e-08,9.989703999999999e-09,6.8861827e-09,5.3852496e-08
2008-11-09,423.09018404907965,289.61188,1.6426082999999998e-07,1.3120033e-10,3.2599532e-09,3.527648e-09,1.5881052e-09,1.8476959e-08
2008-11-10,797.9085889570555,290.9361,1.91283e-07,2.8673027999999996e-10,5.401936e-09,5.97579e-09,3.0239033e-09,3.1146335e-08
2008-11-11,1624.6443949044585,291.5293,3.7201767e-07,4.085092e-09,1.1224454e-08,1.0475313e-08,8.305865e-09,5.6291597e-08
2008-11-12,926.022392638037,292.88333,3.3197870000000003e-07,4.1040116e-10,6.6835533e-09,8.4410505e-09,5.196099000000001e-09,4.328935e-08
2008-11-13,578.962361111111,292.607,3.0420915e-07,1.0565519999999998e-09,8.055643e-09,6.9458914e-09,6.2772596e-09,6.6478115e-08
2008-11-14,936.9083116883118,293.83173,5.0457174e-07,9.2073575e-09,1.709022e-08,1.22582e-08,1.2115555e-08,8.807108e-08
2008-11-15,1100.8157668711658,294.4298,5.5537544e-07,1.1824767e-08,1.9651671999999998e-08,1.3159370000000001e-08,1.5113795e-08,9.759569500000001e-08
2008-11-16,911.5054225352112,295.93023999999997,4.5407393e-07,5.9638245e-09,1.598374e-08,1.1372208000000001e-08,1.2495823e-08,8.4262666e-08
2008-11-17,1196.2465624999998,294.3924,2.2503218e-07,1.8773164e-10,7.3924259999999994e-09,3.8726786e-09,2.8735758e-09,3.1406106e-08
2008-11-18,825.8344785276073,293.2608,3.1287909999999994e-07,1.0802523e-09,9.36526e-09,8.311532e-09,5.8083285e-09,3.8793864e-08
2008-11-19,680.3823926380369,291.3212,1.6277244e-07,1.6334732e-10,3.9068215e-09,4.5175823e-09,2.0341417e-09,2.2435872000000002e-08
2008-11-20,1048.0740490797546,291.52022999999997,2.1637621e-07,3.5979886000000003e-10,7.4942585e-09,7.3016366e-09,4.184497e-09,3.3211222000000003e-08
2008-11-21,1172.027073170732,291.52783,2.4593663e-07,5.752232599999999e-10,8.532566e-09,7.866114e-09,4.4085079999999995e-09,3.491987e-08
2008-11-22,1050.2187116564417,292.6081,2.2427639000000003e-07,2.5512403e-10,7.546659e-09,7.1911943e-09,3.6549426e-09,3.1418896000000005e-08
2008-11-23,1232.036380368098,294.96972999999997,4.6680705e-07,8.396434000000002e-09,1.962577e-08,1.4489694e-08,1.1342441999999999e-08,6.71992e-08
2008-11-24,1886.7010429447855,297.27402,3.5637287999999997e-07,6.271318e-10,1.12017196e-08,9.770664e-09,6.6557764e-09,5.3353855e-08
2008-11-25,2045.9349206349207,297.55765,3.7717663e-07,1.3822713e-09,1.4716051e-08,9.545841e-09,6.7256685e-09,5.242562000000001e-08
2008-11-26,1870.7306134969322,297.06702,3.4219838000000003e-07,2.3104203e-09,9.9827675e-09,9.882294e-09,6.775941e-09,4.3617735e-08
2008-11-27,1549.1672483221473,296.25952,2.8260396e-07,3.4291172999999996e-10,9.0216234e-09,6.802425e-09,2.3492608e-09,2.1581096e-08
2008-11-28,1896.8217177914123,297.0061,3.4765574e-07,5.156085599999999e-10,1.4844058e-08,1.17664305e-08,4.4827235e-09,3.3865472000000004e-08
2008-11-29,1236.3678527607362,298.05795,2.2741534e-07,2.4533872000000004e-10,8.5322345e-09,7.900771e-09,2.9619807e-09,2.5050727999999996e-08
2008-11-30,1135.284090909091,297.80362,3.2241743e-07,3.8603343e-09,1.3551998e-08,1.4426184e-08,5.5301017e-09,3.5170845999999995e-08
2008-12-01,1782.2568965517237,296.22784,2.3036085e-07,2.6705896000000003e-10,1.0290277999999999e-08,8.839985999999999e-09,2.5662013e-09,2.0081721000000004e-08
2008-12-02,1724.7729447852764,296.55237,2.0503979999999998e-07,2.245598e-10,6.419256e-09,7.058189e-09,1.9268847e-09,1.5988073e-08
2008-12-03,1569.9552439024383,296.16033999999996,2.2160239999999997e-07,4.667123e-10,1.30864555e-08,8.596749e-09,1.1458594e-09,1.1688056e-08
2008-12-04,1222.2099386503066,295.79037,1.8981274e-07,2.028343e-10,6.668630999999999e-09,4.408619000000001e-09,1.26496e-09,1.1627798999999999e-08
2008-12-05,812.7800000000003,295.55438,2.1969194000000003e-07,3.7424275e-10,1.1486107999999999e-08,7.797376000000001e-09,1.5124617e-09,1.3749541e-08
2008-12-06,1237.2330674846626,295.784,2.9578908000000003e-07,8.018721e-10,1.1198396000000001e-08,1.07761124e-08,2.5004354e-09,1.6236983e-08
2008-12-07,1066.5211042944784,294.9172,2.0554398000000004e-07,1.5480082e-10,7.3116190000000005e-09,8.832888000000001e-09,1.3878888e-09,1.1710653999999999e-08
2008-12-08,3114.0657516339857,295.77094,3.3985073999999995e-07,1.3718102e-09,2.1366424999999997e-08,1.48869415e-08,3.928136e-09,2.2927011000000004e-08
2008-12-09,3004.159509202453,297.52216,3.0970616999999996e-07,1.5673164e-09,2.5827266e-08,1.2993623e-08,5.007053e-09,2.6348024e-08
2008-12-10,1843.808414634147,298.0307,2.9172309999999994e-07,5.1836757e-10,1.5859229e-08,1.1626915e-08,3.8373895e-09,2.2843556e-08
2008-12-11,1454.5318404907973,298.0987,2.6490937e-07,9.948066e-10,1.2982839e-08,8.807678e-09,2.8879943e-09,1.8701881e-08
2008-12-12,2112.123312883437,297.35703,3.8655122e-07,4.9791815e-09,1.8361240000000002e-08,1.3821287e-08,4.375017e-09,2.1533648e-08
2008-12-13,911.9114723926376,294.8476,1.5433105e-07,2.2032316e-10,5.9983325e-09,5.1251376e-09,1.1001527e-09,8.480546e-09
2008-12-14,691.6060736196314,296.3866,1.7488598e-07,4.2941553e-10,1.2246241000000002e-08,6.4775194e-09,1.4181267e-09,9.352352e-09
2008-12-15,1252.3005228758173,294.17843999999997,2.1083764000000002e-07,3.0629171e-10,1.26846675e-08,1.0759835e-08,1.2681334e-09,8.47779e-09
2008-12-16,843.9380981595089,292.5571,1.3378063e-07,6.674001e-10,6.8633472e-09,9.8449195e-09,9.619465e-10,7.4495006e-09
2008-12-17,1453.9190184049082,294.4877,1.6457267000000002e-07,4.8526283e-10,8.955621e-09,8.533581e-09,1.5257162e-09,1.1848598999999997e-08
2008-12-18,870.9827607361965,295.30267000000003,1.4174017e-07,3.242289e-10,7.044305999999999e-09,7.016963000000001e-09,1.2915035e-09,1.0284931000000002e-08
2008-12-19,1153.7649079754601,296.12354,1.5299891e-07,3.0821384e-10,1.1000208999999998e-08,6.761088000000001e-09,1.7759633e-09,1.3798761e-08
2008-12-20,2570.8153374233125,298.26166,2.3057314000000001e-07,7.218172e-10,1.1117821000000002e-08,1.0064802e-08,4.276833e-09,2.3751962000000004e-08
2008-12-21,1709.1365030674842,299.2611,2.0149484000000002e-07,4.664814599999999e-10,9.258312e-09,8.558298e-09,3.1901608e-09,2.1402315e-08
2008-12-22,1195.294294871795,299.24712999999997,1.3452939e-07,2.1660542999999997e-10,4.8807376e-09,5.187545e-09,1.3938993e-09,1.1957403e-08
2008-12-23,790.9105555555552,299.60794,1.5225045999999998e-07,3.299052e-10,5.502355e-09,5.104719e-09,1.3594151e-09,1.1452938999999997e-08
2008-12-24,680.230797546012,298.37958,1.6916684e-07,2.602827e-10,5.6627630000000005e-09,6.145944999999999e-09,1.3161174e-09,1.1624705e-08
2008-12-25,762.9796319018408,295.02768,2.1472380999999998e-07,3.6424525e-10,8.8877705e-09,9.356599e-09,2.7472549e-09,1.8170606e-08
2008-12-26,625.1500613496931,293.75162,1.531314e-07,1.8185767e-10,3.7397188e-09,4.1479393e-09,1.6886882e-09,1.4431296e-08
2008-12-27,616.6945731707317,295.33554,1.4193546e-07,2.299316e-10,3.6141785e-09,4.2011234e-09,1.6924431e-09,1.4434450000000002e-08
2008-12-28,310.5133128834356,293.94806,1.4997794000000002e-07,1.4226507e-10,3.1480196e-09,3.0768916e-09,1.3235343e-09,1.2855488000000002e-08
2008-12-29,405.17858895705496,296.68883999999997,1.8206599e-07,2.2330711e-10,4.351549e-09,4.111496e-09,2.4281572e-09,2.3635099999999998e-08
2008-12-30,599.1882638036805,298.59506,1.9781295e-07,5.2334415e-10,1.10920375e-08,6.5872947e-09,5.1920033e-09,3.650635299999999e-08
2008-12-31,1150.8209146341467,297.84094,2.1881914000000003e-07,2.663708e-10,8.182136999999999e-09,7.399965999999999e-09,2.9945633e-09,2.4525857e-08
2009-01-01,743.9836645962738,295.34607,1.8945076e-07,3.019856e-10,6.657729e-09,6.8418187e-09,8.393983e-10,8.358453000000002e-09
2009-01-02,512.7603658536586,296.4123,2.6829287e-07,2.2699507e-09,1.4698454000000001e-08,9.972664000000001e-09,3.3643079999999997e-09,1.4924366000000003e-08
2009-01-03,488.5369325153375,295.55093,1.9105795e-07,3.3825287e-10,8.5253244e-09,6.8535044e-09,1.3324835e-09,1.0510946000000002e-08
2009-01-04,683.0622085889571,297.67075,2.5860143e-07,2.4495700000000003e-09,1.2984673999999999e-08,1.1599191e-08,4.2295776e-09,2.075201e-08
2009-01-05,698.900714285714,296.22497999999996,2.722066e-07,6.167338000000001e-09,1.0561076e-08,1.1076012e-08,4.8774687e-09,2.0979352000000002e-08
2009-01-06,1285.2447852760733,296.66643999999997,1.7996026999999998e-07,4.5684928e-10,8.619649e-09,7.1425994e-09,2.0107083e-09,1.3631822e-08
2009-01-07,1484.253312883436,298.8593,2.1731903e-07,4.379556e-10,1.0655823999999998e-08,7.937494e-09,3.5138532e-09,1.9157657e-08
2009-01-08,1318.2204294478533,299.17467999999997,1.7593473e-07,3.5646655e-10,9.059098e-09,7.339068e-09,1.5483239e-09,1.2009084999999999e-08
2009-01-09,915.6226219512204,296.12244,1.4969191e-07,2.4279007e-10,5.0800044e-09,4.745084e-09,1.2922223e-09,1.0811089e-08
2009-01-10,892.4458282208587,293.8222,3.1219477000000004e-07,5.002464e-09,1.0427613000000002e-08,1.0428185999999999e-08,5.7896017e-09,3.0664935e-08
2009-01-11,616.0246012269943,294.0456,2.2505816e-07,3.595453e-10,8.170265e-09,5.4158615e-09,2.0606878e-09,1.3585180000000002e-08
2009-01-12,907.8606134969324,293.40682999999996,2.5050565e-07,9.569898e-10,1.0498963999999999e-08,8.057985e-09,4.0393076e-09,2.4069433999999998e-08
2009-01-13,1163.9716666666666,294.5907,3.253213e-07,6.942475e-09,1.818759e-08,9.2681605e-09,6.857021e-09,3.1168077999999997e-08
2009-01-14,1001.0733128834356,295.4868,2.8826804e-07,4.3750847e-09,1.5840735e-08,9.092431999999998e-09,5.0558486e-09,2.3279767000000002e-08
2009-01-15,1291.2913496932526,294.72586,1.9721926e-07,4.9592763e-10,1.3321218e-08,1.1967996e-08,2.3122353e-09,1.5639873e-08
2009-01-16,949.4269325153376,295.81772,1.7591370000000002e-07,3.820309e-10,1.00052775e-08,6.899125e-09,3.2382115e-09,1.9511889999999998e-08
2009-01-17,2098.661963190184,297.0907,2.730256e-07,1.1946718e-09,1.539258e-08,9.975549000000001e-09,4.8676627e-09,2.6076036e-08
2009-01-18,1273.276503067485,296.06912,2.7369032e-07,9.717138e-10,1.5518763e-08,1.0834685e-08,3.540078e-09,2.0813330000000002e-08
2009-01-19,1332.9554601226994,295.58807,1.3754348e-07,2.562551e-10,6.669784000000001e-09,6.289281999999999e-09,1.885326e-09,1.1986421e-08
2009-01-20,814.6779617834397,294.86182,1.8336977999999998e-07,3.1524994e-10,1.0147741e-08,7.782763e-09,2.5275904e-09,1.5967961000000002e-08
2009-01-21,785.9639877300615,294.44135,1.1403367e-07,1.7871326999999998e-10,5.0487445e-09,3.9593138e-09,1.1886692e-09,8.960358e-09
2009-01-22,812.3496932515338,293.67233,1.597466e-07,3.4159717e-10,1.03034585e-08,7.745026e-09,1.6363647e-09,1.132838e-08
2009-01-23,1116.3399999999997,294.64862,2.4696647e-07,3.3982792e-09,1.9758225e-08,9.48326e-09,5.8582574e-09,2.5668994e-08
2009-01-26,1294.5937735849056,294.78362999999996,1.9833058e-07,1.10306e-09,8.787504e-09,7.6781e-09,2.7479796e-09,1.8421209999999997e-08
2009-01-27,731.4344785276074,294.46643,2.2262947e-07,2.4076467e-09,1.6927729999999998e-08,1.0427334000000002e-08,3.3663334e-09,1.7761116999999997e-08
2009-01-28,877.7789440993788,292.29675,2.2047287e-07,4.0016082e-10,1.1563531999999998e-08,9.935174000000002e-09,2.1578674e-09,1.5212754e-08
2009-01-29,458.07522580645167,292.12656,1.881794e-07,5.138623e-10,6.5790626e-09,5.2514015e-09,2.2229298e-09,1.7094417e-08
2009-01-30,381.1849090909092,293.04147,2.2212748e-07,1.0306304e-09,8.956688e-09,7.2813298e-09,3.5181147e-09,2.1843784999999998e-08
2009-01-31,472.41608695652184,294.18497,3.0681541999999995e-07,5.5151044e-09,2.1292522999999998e-08,1.14617595e-08,5.4643845e-09,2.4067104e-08
2009-02-02,2688.6260869565217,293.97845,2.7886172999999997e-07,3.510506e-09,1.0632105000000001e-08,9.436261e-09,5.826975000000001e-09,2.530344e-08
2009-02-09,1747.76,294.2011,2.6219929999999995e-07,6.673653e-10,2.411639e-08,1.1388636e-08,3.99691e-09,2.053882e-08
2009-02-10,1321.957575757576,294.378,4.7239004e-07,1.3367818000000001e-08,3.4490792e-08,1.9983249999999998e-08,9.756094e-09,4.070716e-08
2009-02-11,1452.2071794871786,292.65427,3.0311838000000003e-07,8.156207e-10,1.2480618999999999e-08,1.2749372999999999e-08,2.608597e-09,2.0009736e-08
2009-02-12,476.141743119266,290.6927,1.1789941000000001e-07,4.862910599999999e-10,8.354941999999999e-09,1.193667e-08,1.0837149e-09,9.716686e-09
2009-02-13,603.2921472392637,291.92343,1.4357403e-07,1.1062533e-09,9.156869e-09,1.11250875e-08,2.1702955e-09,1.4473523000000001e-08
2009-02-14,1654.892638036809,293.46657999999996,3.9385844e-07,1.3314413e-08,1.4261813e-08,1.6194138e-08,8.750199000000001e-09,3.9144453e-08
2009-02-15,1624.1392638036805,294.87854,3.4134805999999997e-07,6.3424372e-09,1.8533711e-08,1.1630493999999998e-08,6.9403994e-09,3.42688e-08
2009-02-16,1573.6920245398765,296.1197,3.4107939e-07,4.497716e-09,1.4683681e-08,1.2328108e-08,7.826375e-09,3.7488814e-08
2009-02-17,1486.8866871165644,295.36298,2.073043e-07,5.097159400000001e-10,9.631678e-09,9.211096999999998e-09,2.9848366e-09,1.8278849999999996e-08
2009-02-18,1101.720555555556,294.1387,1.911938e-07,1.0016704e-09,7.956205e-09,7.538994e-09,2.5870484e-09,1.6547407e-08
2009-02-19,1700.5470731707333,295.812,3.3756972999999994e-07,3.5614367e-09,1.4547229e-08,1.1733779e-08,6.2192083e-09,2.9395476e-08
2009-02-20,1320.7188957055216,295.9638,3.1730215000000003e-07,1.268629e-09,1.8274553e-08,1.3017858999999998e-08,3.9157433e-09,2.2026653999999998e-08
2009-02-21,814.4190184049077,294.9298,2.2360469e-07,1.0075853e-09,9.224048e-09,9.286287e-09,3.5960923e-09,1.9701314e-08
2009-02-22,955.9788957055217,294.24585,2.9371084999999996e-07,3.6928314e-09,1.14569305e-08,1.126685e-08,4.3545687e-09,1.8420743999999998e-08
2009-02-23,807.9189024390248,293.0697,1.3887119e-07,6.974282e-10,8.221465e-09,1.3081274000000001e-08,4.659355700000001e-10,4.3340727e-09
2009-02-24,707.7581410256407,291.55203,1.3811746e-07,9.477528e-10,9.083107999999999e-09,1.0736901e-08,1.1412842e-09,8.386855e-09
2009-02-25,702.1134969325152,292.99777,2.9375428e-07,3.4205414e-09,1.2826356000000001e-08,1.2280215999999999e-08,4.1466643e-09,1.974427e-08
2009-02-26,1275.5387116564416,293.80225,4.298046e-07,1.2057838e-08,1.1862704e-08,1.4693703000000002e-08,8.561131999999999e-09,3.5101795e-08
2009-02-27,1650.0315950920246,293.62402000000003,3.9155628e-07,6.1581114e-09,1.6816799e-08,1.682977e-08,5.9003282e-09,2.5924252999999996e-08
2009-02-28,1258.362298136646,292.47516,2.7684584e-07,9.1441166e-10,1.2396610000000002e-08,9.6910115e-09,3.890386e-09,2.0885154999999998e-08
2009-03-01,958.8670121951213,292.45763999999997,3.4429697999999993e-07,5.048083e-09,1.5117329999999998e-08,1.5899337e-08,3.7084509e-09,1.6567313000000003e-08
2009-03-02,969.5344785276072,292.36182,2.0988489999999998e-07,1.9913642e-09,1.2957171999999998e-08,1.693937e-08,2.0502104e-09,1.3334831e-08
2009-03-03,1333.222576687117,293.10425,3.3965404e-07,1.5887811e-09,1.7439662e-08,1.27729916e-08,3.9880312e-09,2.0817222e-08
2009-03-04,1587.600429447853,293.5927,4.941806e-07,1.0673253e-08,2.0538439e-08,2.2817648e-08,5.6194949999999995e-09,2.5834296e-08
2009-03-05,795.5661963190181,292.52036,1.703985e-07,1.4309469e-09,1.46544705e-08,1.6402085e-08,1.2932033e-09,9.417029e-09
2009-03-06,1697.6301840490796,292.66222999999997,2.2032623e-07,2.576347e-09,2.0135401e-08,1.8991454e-08,2.0770026e-09,1.3424284e-08
2009-03-07,1460.8974233128836,292.87964,5.16806e-07,9.193181e-09,2.5119502999999996e-08,1.5691569999999998e-08,7.913505999999999e-09,3.6546309999999995e-08
2009-03-08,1804.1619512195114,293.44028,5.296347e-07,9.541036e-09,1.8755403e-08,1.575781e-08,7.998543000000001e-09,3.5600593e-08
2009-03-09,1711.05926380368,292.8051,5.4487947e-07,8.483354e-09,1.8388054e-08,1.440259e-08,7.5272e-09,3.295411e-08
2009-03-10,1266.8299386503072,291.3756,3.1164177e-07,1.1375166e-09,1.7543481e-08,1.0942608e-08,2.8130829e-09,1.6370134e-08
2009-03-11,1381.5811656441715,291.53778,5.125362e-07,7.4492306e-09,1.5449164e-08,1.4490083000000001e-08,6.192319000000001e-09,2.7823637000000005e-08
2009-03-12,1466.0773780487802,292.49062999999995,6.31869e-07,9.772675e-09,2.141171e-08,1.7402897e-08,6.975866999999999e-09,2.9735390000000003e-08
2009-03-13,1085.4113496932519,291.73047,3.4669762e-07,1.6530102e-09,2.1246214000000003e-08,1.131734e-08,4.0130703e-09,1.927789e-08
2009-03-14,1581.612883435583,292.14007999999995,5.3099876e-07,1.1971681999999999e-08,2.6602017000000004e-08,1.9283158e-08,5.1065827e-09,2.2118210999999998e-08
2009-03-15,1803.2696932515341,291.4055,2.4936567999999996e-07,1.1770636e-09,1.1745588e-08,1.3377001e-08,1.5580579999999999e-09,1.0631898000000001e-08
2009-03-16,2653.173548387097,291.33853,6.184538000000001e-07,1.7691175e-08,3.2810153e-08,2.0178229e-08,6.3842656e-09,2.7707695999999998e-08
2009-03-17,1560.0937423312882,292.88358,3.5060395e-07,1.5231095e-09,1.3758601000000001e-08,1.1798704e-08,4.4432356e-09,2.3484029999999997e-08
2009-03-18,980.1546625766873,291.6913,4.243067e-07,5.556376000000001e-09,1.3707681999999999e-08,1.1930815000000002e-08,5.3621085e-09,2.2423232999999997e-08
2009-03-19,698.7397806451613,290.94757000000004,2.4266689000000004e-07,7.4739165e-10,1.0923946000000002e-08,8.1741325e-09,2.0815336e-09,1.3001963000000001e-08
2009-03-20,1175.0583558282206,291.23837000000003,7.981509e-07,3.050285e-08,1.332871e-08,2.1002947e-08,1.0043649e-08,3.8996685e-08
2009-03-21,1288.357300613497,291.15372,8.3673586e-07,2.356992e-08,3.271958e-08,2.3462172999999997e-08,9.0411625e-09,3.6838255e-08
2009-03-22,2733.5309202453977,291.3774,6.391820999999999e-07,8.2770235e-09,2.4471849999999998e-08,1.6756937e-08,6.40181e-09,2.990256e-08
2009-03-23,3460.3466257668724,292.9738,6.422711e-07,1.0199101000000002e-08,2.3293914e-08,1.7753478999999997e-08,7.357908000000001e-09,3.5547536e-08
2009-03-24,2138.71963190184,292.65244,8.035072e-07,1.688784e-08,2.6217055e-08,2.0935006999999997e-08,8.87964e-09,4.023084e-08
2009-03-25,2055.21226993865,293.37946,6.789119e-07,5.933586e-09,2.9200464e-08,1.8282726e-08,6.4825607e-09,3.1875416000000006e-08
2009-03-26,2281.8386503067472,293.93842,8.098021999999999e-07,1.3087275e-08,3.7779223e-08,2.1676087000000003e-08,8.438931e-09,3.8871274e-08
2009-03-27,2241.036809815951,294.00867,9.919652e-07,2.5426056e-08,2.826108e-08,2.503571e-08,1.0392106999999999e-08,4.3514904999999996e-08
2009-03-28,1411.1688957055212,294.1025,9.960378e-07,2.2650433999999997e-08,2.5362532999999997e-08,2.4452105999999997e-08,1.0731076000000001e-08,4.4425974e-08
2009-03-29,1688.5839877300616,293.79672,1.0008308000000001e-06,3.743613e-08,2.5981638e-08,2.9219835e-08,9.9105275e-09,4.0232976e-08
2009-03-30,775.4131249999998,292.8568,3.0443206e-07,3.0713859999999996e-09,1.5578822e-08,1.7430185e-08,2.304042e-09,1.4180462e-08
2009-04-09,2889.45652173913,291.5686,5.9698965e-07,1.3460288999999999e-08,2.2596523999999998e-08,2.6460416000000004e-08,3.985339e-09,2.0081425e-08
2009-04-10,1691.644233128834,292.72977000000003,5.266313699999999e-07,5.9448193e-09,3.7391324e-08,3.0944715e-08,2.6239759999999994e-09,1.5491228000000003e-08
2009-04-11,1376.7528220858896,291.6881,4.370151e-07,1.8356359999999998e-09,1.5595772e-08,1.7529409e-08,2.1502795e-09,1.3900104e-08
2009-04-12,1127.2759509202456,292.69855,5.2734623e-07,4.018168e-09,1.718655e-08,1.9761552e-08,4.3217647e-09,2.0870276000000003e-08
2009-04-13,1652.8817073170724,292.6217,7.277245699999999e-07,1.5895337e-08,1.676693e-08,3.1312933e-08,6.141274999999999e-09,2.7398226e-08
2009-04-14,1097.983926380368,289.95288,4.2467502000000006e-07,3.468416e-09,1.3382191000000002e-08,1.4544937e-08,3.6452732e-09,1.6662007e-08
2009-04-15,2035.0185897435904,290.9488,5.610321500000001e-07,4.3806025e-09,1.5765712e-08,1.7525811999999997e-08,4.7331943e-09,2.2188887000000005e-08
2009-04-16,2588.476073619633,291.25708,1.0270873e-06,2.5390971000000003e-08,2.2226267000000002e-08,3.3561864e-08,7.607614e-09,3.138251e-08
2009-04-17,1871.611226993865,290.55573,7.025299e-07,4.9033004e-09,2.2611873e-08,2.2529783999999998e-08,3.980697e-09,2.1161630000000002e-08
2009-04-18,2255.12208588957,290.95096,6.906524e-07,6.537114000000001e-09,2.3703062999999997e-08,2.150713e-08,4.2924557e-09,2.1047544e-08
2009-04-19,2168.7335403726706,291.82495,6.640055e-07,8.076430999999999e-09,2.3050902999999998e-08,2.1071067000000002e-08,4.7614206e-09,2.3231303e-08
2009-04-20,1399.7394512195126,292.40436,8.645534399999999e-07,1.8627956000000002e-08,1.9040518e-08,2.4880775e-08,7.550458e-09,3.2438464e-08
2009-04-21,1325.0853987730065,289.0426,5.137605e-07,1.1509803e-08,1.4228198999999999e-08,2.6563875000000002e-08,3.3159195e-09,1.2109166e-08
2009-04-22,546.9792638036811,287.6037,1.8660107999999996e-07,2.8031535e-10,4.8541295e-09,6.5181496e-09,6.2852695e-10,4.9493107e-09
2009-04-23,1124.1231468531473,287.715,2.3968727e-07,8.549165e-10,7.762120999999999e-09,9.525940999999998e-09,1.1364269999999998e-09,7.2285276e-09
2009-04-24,1739.630178571429,289.6724,4.9175486e-07,3.759285999999999e-09,1.9957362e-08,1.5419106e-08,2.4114684e-09,1.2798336000000001e-08
2009-04-25,1692.6547530864184,290.9526,4.6717452e-07,2.8499536e-09,1.4265424e-08,1.5746172e-08,3.202844e-09,1.4727011e-08
2009-04-26,670.8119718309861,289.3402,4.634691e-07,4.652352e-09,1.4297605e-08,1.5183622999999998e-08,3.215732e-09,1.4037177e-08
2009-04-27,2480.464605263158,288.03564,5.672236500000001e-07,7.561415e-09,2.0865058999999998e-08,2.5786387999999998e-08,2.7468758e-09,1.4067232e-08
2009-04-28,1722.7349999999994,289.30676,1.5899114e-06,5.0176578000000004e-08,2.4851933999999995e-08,3.2901887000000006e-08,9.015649999999999e-09,3.378016e-08
2009-04-29,2112.3786585365847,291.13214,1.5677489e-06,5.343478500000001e-08,1.7303165e-08,3.1884177e-08,7.3909012e-09,2.8128126e-08
2009-04-30,1916.8025000000011,292.48257,7.073793000000001e-07,8.038746999999999e-09,2.118999e-08,1.9604837e-08,3.6350549999999997e-09,1.8213391999999998e-08
2009-05-01,1783.1435123456774,290.29263,8.260877e-07,2.3150811e-08,1.4988254e-08,2.1308319e-08,5.380774e-09,2.2104217e-08
2009-05-02,834.8613414634144,288.71103,5.105755e-07,6.939376e-09,1.2863973999999999e-08,1.6483938000000004e-08,3.0540337e-09,1.2675916999999999e-08
2009-05-03,1182.7947239263804,287.4685,6.3817254e-07,7.3760695e-09,1.6883291e-08,1.8359435000000002e-08,3.1211547e-09,1.570563e-08
2009-05-04,1435.8125609756094,288.46887000000004,7.490815000000001e-07,1.0484035000000001e-08,2.7139047999999998e-08,2.6919817000000003e-08,3.1138547e-09,1.3349481999999999e-08
2009-05-05,1961.586459627329,289.68347,1.6504225e-06,5.2537437999999997e-08,7.1493584e-09,3.6256637e-08,7.394286e-09,2.7938096000000003e-08
2009-05-06,1954.5880864197534,289.8819,1.2162393e-06,3.7258324000000006e-08,2.2135862999999997e-08,3.56674e-08,5.052816e-09,1.8191601e-08
2009-05-07,2064.701402439024,289.22876,6.947568000000001e-07,1.5022474e-08,1.2849609e-08,2.2757591000000003e-08,3.3924148e-09,1.2114445e-08
2009-05-08,1397.8974999999994,288.11728,1.4786417e-06,4.939938e-08,2.0459106e-08,4.0649127e-08,6.8776873e-09,2.3913541e-08
2009-05-09,1806.3810975609751,285.6454,7.25915e-07,1.0816019999999999e-08,2.1299497000000004e-08,2.9061287e-08,2.2860338e-09,1.0539036e-08
2009-05-10,2058.9677300613494,285.24588,1.1281239e-06,2.6599835e-08,2.445392e-08,3.7009148e-08,4.1216195e-09,1.5998515e-08
2009-05-11,2091.4006097560973,286.04483,1.6355538000000002e-06,5.749046e-08,1.9219137e-08,3.8422534e-08,6.0503376e-09,2.3498283999999998e-08
2009-05-12,2570.1567073170722,286.90405,1.3333989e-06,2.8421032999999997e-08,2.3647527000000002e-08,2.5913614e-08,4.262442e-09,1.7699342000000002e-08
2009-05-13,2778.4012820512817,287.1499,1.2804531e-06,2.2534895000000003e-08,2.6997032e-08,2.8146017000000005e-08,3.4696797e-09,1.45884345e-08
2009-05-14,2233.1470731707304,286.80417,1.0013894999999999e-06,1.4558284e-08,2.908261e-08,2.2109868e-08,2.8534426e-09,1.2836556000000002e-08
2009-05-15,2277.476687116565,287.28156,6.664081400000001e-07,5.0479240000000005e-09,1.8009596e-08,1.792976e-08,2.2592757e-09,1.1012565000000001e-08
2009-05-16,2540.9915950920263,287.8831,7.266781999999999e-07,1.04659605e-08,1.6665002e-08,1.904024e-08,2.4628652e-09,1.0694596000000001e-08
2009-05-17,889.3867239263801,286.90186,3.469269e-07,2.1983513e-09,1.1455077e-08,1.2222388000000001e-08,1.0305492e-09,5.439915e-09
2009-05-18,1277.613190184049,284.9045,4.3957029999999993e-07,4.1192436e-09,1.5918824e-08,2.2666153e-08,1.2432451e-09,6.6365144e-09
2009-05-19,2805.515548780488,286.51627,1.8187736e-06,5.6833055999999995e-08,2.4859718e-08,4.2717317999999993e-08,4.3231503e-09,1.6239355e-08
2009-05-20,3677.761585365854,286.7441,1.3909225e-06,3.3672179999999997e-08,2.7274124e-08,4.1512294e-08,2.9600253e-09,1.0126435999999999e-08
2009-05-21,1610.7475460122698,286.245,4.4340829999999995e-07,2.5669602e-09,1.1539738000000002e-08,1.3183916e-08,1.0359128e-09,6.2458647e-09
2009-05-22,2838.540853658537,286.48618,1.0714351e-06,1.8608775000000002e-08,1.976481e-08,2.3148562000000004e-08,3.0905578e-09,1.3222558e-08
2009-05-23,2760.289024390245,287.4636,1.3270264e-06,3.140231e-08,2.6845747000000003e-08,3.0129478e-08,4.0443355e-09,1.5455969e-08
2009-05-24,3191.320858895705,287.4061,2.0936197e-06,6.3852596e-08,2.5735050999999998e-08,3.8123527e-08,4.8307855e-09,1.6770650000000003e-08
2009-05-25,2473.4851063829783,287.74942000000004,1.3066508000000002e-06,2.983259e-08,2.5325512000000005e-08,3.4770135000000006e-08,3.807478e-09,1.3938947e-08
2009-05-26,1951.3704878048773,287.73303,2.183325e-06,7.145505e-08,2.3736118999999996e-08,4.4401748e-08,4.8729603e-09,1.6568978999999998e-08
2009-05-27,2496.42414012739,286.99703999999997,2.2009535e-06,6.4944096e-08,2.9785023999999996e-08,3.9559897e-08,3.8872194e-09,1.3555136000000002e-08
2009-05-28,1818.2086585365844,287.58096,1.8912025e-06,5.731612e-08,2.4282328999999998e-08,3.6230019999999994e-08,4.04317e-09,1.35558444e-08
2009-05-29,3190.0933823529417,288.69727,6.828712e-07,5.204069e-09,1.8679458e-08,1.5494555e-08,1.6548665e-09,6.7955703e-09
2009-05-30,2051.774355828221,286.56195,5.5500186e-07,5.794537e-09,1.6113741e-08,1.801049e-08,1.2051868e-09,4.932299e-09
2009-05-31,1124.870347560976,284.3871,7.183433000000001e-07,1.1197044e-08,1.9690415e-08,2.3829596e-08,1.3838619e-09,5.147992e-09
2009-06-01,1541.68775,284.12698,8.4638896e-07,1.4973486999999998e-08,2.1846521e-08,2.9343102e-08,1.6660409e-09,6.150425e-09
2009-06-02,2490.993292682926,285.48865,2.6335435e-06,8.081272e-08,2.4443754e-08,4.1981593000000004e-08,3.812297e-09,1.1700915000000001e-08
2009-06-03,2574.610981595093,287.3373,2.1289611e-06,5.405759400000001e-08,2.8744218e-08,3.1912380000000003e-08,2.7089353e-09,8.805636999999998e-09
2009-06-04,2486.6017073170733,287.7098,1.6821771999999998e-06,3.844341000000001e-08,2.5259862e-08,2.9685362e-08,2.61791e-09,8.696075000000001e-09
2009-06-05,3410.218414634146,287.14035,2.2250412999999998e-06,6.844594e-08,3.0099883e-08,4.5454456e-08,3.0261664e-09,9.019385e-09
2009-06-06,4289.0590797546,289.2558,1.0681538999999998e-06,1.8361915e-08,2.4459712000000003e-08,2.587335e-08,1.9685051e-09,6.6127086e-09
2009-06-07,3267.676341463416,288.58936,1.4549323999999998e-06,3.8068112e-08,1.9461707e-08,4.8846232e-08,2.1943216e-09,6.6454646e-09
2009-06-08,2361.1264634146337,285.74133,3.6416674e-07,1.167543e-09,1.604918e-08,2.1498087000000003e-08,2.793735e-10,1.1672411e-09
2009-06-09,862.8950000000009,285.28046,1.5538014e-07,1.9880106999999999e-10,6.6051506e-09,1.0218879999999999e-08,8.866471e-11,6.553927400000001e-10
2009-06-10,1297.4630674846628,282.9641,2.2334213e-07,3.0475272000000003e-10,8.254744000000001e-09,1.0637278999999999e-08,1.7884697e-10,1.3274307e-09
2009-06-11,1241.5014024390246,284.42407000000003,4.0069975e-07,8.292478e-10,1.5263533e-08,1.3756541000000003e-08,5.373179e-10,2.7174891e-09
2009-06-12,1915.325802469136,284.6504,1.0021838e-06,1.456785e-08,2.2968973999999997e-08,3.133357e-08,1.7838574e-09,4.9492743e-09
2009-06-13,2508.010243902439,284.90497,1.6858262e-06,3.4597913999999996e-08,3.0571492e-08,3.3415418e-08,1.9075332e-09,5.1418620000000005e-09
2009-06-14,2377.2142682926833,287.3836,7.868115e-07,2.9263647e-09,2.3867981e-08,2.2632754e-08,8.648135e-10,3.454577e-09
2009-06-15,2348.413251533741,288.25128,1.4433947e-06,2.3707047e-08,3.413891e-08,3.0425173e-08,1.3466991e-09,3.5454122e-09
2009-06-16,2216.6406097560985,288.16882000000004,7.6401454e-07,3.9263550000000006e-09,2.1664098e-08,2.1832331000000003e-08,1.0006789e-09,3.3077752e-09
2009-06-17,2671.554268292683,287.41455,1.5171911e-06,2.6977493999999996e-08,2.9249517999999996e-08,3.802816200000001e-08,1.5736573e-09,4.1346966e-09
2009-06-18,1892.0500621118008,286.4993,1.2763066e-06,1.7245291e-08,3.893506e-08,3.9266776e-08,1.4337993e-09,4.2498987e-09
2009-06-19,2804.8539877300623,285.61562999999995,1.2876206000000001e-06,2.4780396e-08,3.2915109999999996e-08,4.977036e-08,1.3201529999999998e-09,3.5741223e-09
2009-06-20,2164.290670731707,285.4055,1.027039e-06,6.8929733e-09,2.7638404999999996e-08,2.4372117000000002e-08,1.0611673e-09,3.3204817e-09
2009-06-21,1736.1889024390252,286.16196,1.1915666e-06,1.7267729e-08,3.087847e-08,2.6295132999999998e-08,1.1975326e-09,3.5857946e-09
2009-06-22,2471.6670121951224,287.1737,8.064828299999999e-07,6.2943384e-09,1.9991711e-08,2.1068926e-08,8.3070373e-10,2.6690925e-09
2009-06-23,1160.5953803680975,285.92822,3.0600486e-07,7.9819307e-10,9.512204e-09,1.0425211999999999e-08,2.5764899e-10,1.2069179e-09
2009-06-24,890.1010548780487,282.8147,2.7406855e-07,1.2087449e-09,1.04532125e-08,1.1580170000000001e-08,3.1444177999999997e-10,1.3477859e-09
2009-06-25,906.6692827586207,282.72092000000004,3.3901082e-07,2.0927204e-09,1.3317198000000001e-08,1.3220218999999999e-08,3.2237932e-10,1.3134988e-09
2009-06-26,806.0153780487808,281.13732999999996,2.913785e-07,2.2573174e-09,1.10866925e-08,1.7425783e-08,2.5039222999999996e-10,1.0096791e-09
2009-06-27,3862.952760736195,280.07187000000005,1.4336403000000002e-06,3.3507839999999993e-08,2.6366152e-08,4.7650516e-08,1.1031542e-09,2.9676668e-09
2009-06-28,1389.0225000000007,282.1593,1.0597118e-06,2.1879965e-08,2.3267450000000004e-08,3.7107508e-08,1.1712236e-09,3.0325527e-09
2009-06-29,3586.9219402985073,282.36182,5.6624685e-07,6.7969457e-09,2.5816497000000004e-08,3.7533983e-08,3.7334927e-10,1.3130321e-09
2009-06-30,3370.839837398373,281.86554,9.642142e-07,1.1133690000000001e-08,2.6428213000000002e-08,2.4761992000000004e-08,7.250017e-10,2.7063540000000003e-09
2009-07-01,3400.003067484664,281.75745,2.3404060000000002e-06,4.7830387000000006e-08,4.3248285000000006e-08,3.610092e-08,1.2998375e-09,3.553636e-09
2009-07-02,2350.8471951219503,281.86157000000003,1.1489695e-06,1.3304908000000001e-08,3.1959992e-08,2.6093193000000003e-08,9.552803e-10,2.9568714e-09
2009-07-03,3260.8206134969328,282.57642000000004,1.7655321e-06,3.5213148e-08,3.254496e-08,3.6707593e-08,1.5534958e-09,4.0529990000000005e-09
2009-07-04,3695.135975609756,281.52438,1.5093985000000002e-06,3.2893794000000004e-08,3.4831277e-08,5.5685547e-08,1.0396046e-09,2.311368e-09
2009-07-05,2316.091463414635,283.03278,9.480500600000001e-07,1.3233132e-08,2.2317106e-08,2.8836363999999998e-08,8.748547e-10,2.8773757e-09
2009-07-06,1879.3704878048786,283.21997000000005,2.0777793e-06,5.773728e-08,3.2261897999999995e-08,4.9439787000000006e-08,1.955112e-09,4.4965867e-09
2009-07-07,2577.9758282208577,283.02155,1.3233142000000002e-06,2.8952017999999996e-08,2.5723471e-08,4.83385e-08,1.1091237e-09,3.1020624e-09
2009-07-08,3733.3392405063287,282.79837000000003,2.2416898e-06,5.701804e-08,4.0909477e-08,5.4108863e-08,1.4176034e-09,3.5330767e-09
2009-07-09,4589.950306748468,283.52005,2.3257403e-06,5.4502127e-08,6.513779e-08,4.5294016e-08,1.6555239e-09,4.1321484e-09
2009-07-10,4516.05975609756,283.9952,2.5312122000000002e-06,7.124297999999999e-08,7.0475636e-08,5.2864024000000004e-08,1.6933871e-09,4.2207655e-09
2009-07-11,4302.251219512194,284.1024,2.5355735000000003e-06,5.8669823e-08,4.988975599999999e-08,4.698191000000001e-08,1.3503341e-09,3.2354208e-09
2009-07-12,2871.673109756097,285.9169,7.0846653e-07,3.873011e-09,2.2506114e-08,1.8734365e-08,5.6681343e-10,1.8475529e-09
2009-07-13,2415.293190184049,285.50064,1.6732171e-06,3.6152343e-08,2.7376218999999997e-08,3.401329e-08,9.957698e-10,2.4248363e-09
2009-07-14,1051.7665243902445,283.25433,4.7857526e-07,3.0387564e-09,1.8680991e-08,2.132277e-08,3.536046e-10,1.2469565e-09
2009-07-15,1497.1664634146334,280.01004,1.6434649e-06,3.8463529999999995e-08,3.6885165e-08,5.375633000000001e-08,7.214660000000001e-10,1.7858640000000001e-09
2009-07-16,2987.8999390243903,280.78354,9.700456e-07,2.0057968000000003e-08,3.3736654e-08,4.117528e-08,4.5812642999999997e-10,1.6524648e-09
2009-07-17,5300.526380368097,282.27066,1.4379575e-06,3.431579e-08,3.4537023999999995e-08,5.4778482000000004e-08,7.606676e-10,2.0774982e-09
2009-07-18,3796.492195121951,282.78815,1.6028257e-06,3.233154e-08,3.305978e-08,3.7040923e-08,1.0056239e-09,2.8971725e-09
2009-07-19,3834.601219512195,282.35022000000004,2.4514952e-06,6.606802e-08,6.0004645e-08,4.888284300000001e-08,1.3410173e-09,3.38424e-09
2009-07-20,4530.325609756099,282.24268,1.4862985000000001e-06,2.5473181e-08,3.5399786e-08,3.5828940000000003e-08,8.367448e-10,2.6004017e-09
2009-07-21,3185.672839506173,282.18506,2.0849543e-06,4.117636e-08,3.9026010000000005e-08,3.7943839999999994e-08,1.1968716e-09,3.1649129999999997e-09
2009-07-22,2838.017419354837,282.82632,1.4129091e-06,2.2029122e-08,3.0421074e-08,2.8920112999999997e-08,8.8283825e-10,2.7163325e-09
2009-07-23,1287.9239634146345,282.54034,8.865797600000001e-07,1.4216357e-08,1.9195863e-08,2.2569651e-08,5.278502e-10,1.6545173e-09
2009-07-24,2600.798300613497,279.24854,6.46418e-07,8.591195e-09,2.5527842999999998e-08,2.9462912000000002e-08,2.3623656000000003e-10,1.103924e-09
2009-07-25,3551.9391999999993,280.04607999999996,1.4954898e-06,3.0084646e-08,3.3302559999999996e-08,4.2203823e-08,7.4884826e-10,2.5671123e-09
2009-09-17,1901.4272739726025,296.0811,1.2883698000000002e-06,3.2179319999999996e-08,2.5466557e-08,3.5546982e-08,4.505572e-09,2.4070946000000004e-08
2009-09-18,506.22306081081047,291.02695,2.7763073e-07,8.574127e-10,1.2590706e-08,1.6392520000000002e-08,3.2002176000000003e-10,3.1308862e-09
2009-09-19,2274.5426993865026,290.13202,4.2246725e-07,3.2744409999999996e-09,1.8352326000000002e-08,2.1083173999999997e-08,8.552561e-10,7.583866e-09
2009-09-20,1390.9871165644172,289.5092,2.6517822e-07,1.5197351e-09,5.5012740000000004e-09,7.5284605e-09,5.793268e-10,5.148825e-09
2009-09-21,1420.0960122699387,291.74176,3.4043042999999996e-07,7.3633805e-10,1.0445848e-08,1.1553526999999999e-08,1.0357357e-09,8.945483e-09
2009-09-22,1790.5969135802459,294.46826,1.1073578e-06,2.0744706e-08,2.6834363999999998e-08,2.7213959e-08,3.7282990000000005e-09,1.9567018e-08
2009-09-23,1575.9804907975458,292.49817,2.290652e-07,2.2245857999999998e-10,4.7820940000000004e-09,5.7564256e-09,3.0033478e-10,3.7045447e-09
2009-09-24,1500.4979141104302,293.73102,3.3728566e-07,7.207049400000001e-10,8.748986999999999e-09,1.0339404e-08,8.9101726e-10,7.0877846e-09
2009-09-25,1042.8238650306746,290.28745,3.4536242e-07,2.7958763e-10,7.4170323e-09,7.673076e-09,6.210907e-10,7.2753e-09
2009-09-26,1433.0613496932517,291.9659,5.542488e-07,3.3112828e-09,1.3079958e-08,1.3878561000000002e-08,2.0009867e-09,1.2512927000000001e-08
2009-09-27,1640.4570121951215,295.58066,4.5581058e-07,6.3756883e-10,1.6007895e-08,1.0935373e-08,1.1509086e-09,1.0622788e-08
2009-09-28,1584.8871428571426,295.3151,4.836671e-07,1.1909437e-09,1.4006294e-08,1.2324527000000001e-08,1.3135715e-09,1.0861112e-08
2009-09-29,1039.8179141104288,289.4588,1.7865906e-07,1.870499e-10,4.5417634e-09,4.4133090000000004e-09,3.270481e-10,4.1164365e-09
2009-09-30,1226.1885365853666,288.63916,2.0028745000000002e-07,2.375477e-10,5.7362883e-09,5.6875638e-09,6.160169e-10,6.408049e-09
2009-10-01,1655.580613496933,291.16272000000004,2.6751806e-07,3.7715495e-10,8.484149e-09,8.65627e-09,8.508200000000001e-10,8.165816e-09
2009-10-02,1447.6359509202453,291.68225,3.9565114000000003e-07,1.1063735e-09,1.2936045e-08,1.35667495e-08,1.6483092e-09,1.07701625e-08
2009-10-03,861.5276687116561,291.1029,1.7990682999999996e-07,2.2818664e-10,4.4054453e-09,5.8346603e-09,4.397035e-10,5.0171494e-09
2009-10-04,650.6631288343558,289.37857,2.3458192e-07,2.8094e-10,7.3219093e-09,8.0685725e-09,1.0237969e-09,9.546747e-09
2009-10-05,1064.0193827160492,290.53952000000004,4.6668808e-07,1.1743804e-09,2.0040266e-08,1.4456628e-08,2.4298548e-09,1.7395056e-08
2009-10-06,869.2548466257671,294.46547999999996,6.2932713e-07,8.8324255e-09,1.9853453999999998e-08,1.7185801000000002e-08,4.0857e-09,2.2450097000000004e-08
2009-10-07,1383.2699999999998,296.94797,4.6581033000000005e-07,1.182759e-09,1.6266007e-08,1.18888535e-08,2.4094375e-09,1.6829484e-08
2009-10-08,590.653435582822,297.2035,4.4046166e-07,2.6072327e-09,1.8606285e-08,1.5302582e-08,1.8175432e-09,1.2821646999999999e-08
2009-10-09,1715.9357055214734,297.15918,1.0212365e-06,3.0853602000000005e-08,2.9008192999999996e-08,2.8045612e-08,4.9942357e-09,2.3015586e-08
2009-10-10,1660.9740993788835,295.91974,2.3343306999999999e-07,2.5924188e-10,5.3565334e-09,6.7397448e-09,4.4026874000000004e-10,5.444559e-09
2009-10-11,1171.4452760736187,292.5564,2.208669e-07,1.3303388e-10,6.4655485e-09,7.3289983e-09,6.997761e-10,7.429691999999999e-09
2009-10-12,1556.1124539877292,293.00378,2.0152038000000002e-07,2.0615263999999998e-10,4.2140176e-09,5.1718674e-09,6.0638566e-10,6.5985652e-09
2009-10-13,921.3196153846153,293.32822000000004,4.8788604e-07,2.6418967e-09,1.9210232e-08,2.0006608e-08,2.4860345e-09,1.5275463e-08
2009-10-14,1940.4595092024551,294.781,5.473985e-07,6.1534347e-09,1.3781251999999999e-08,1.8058323e-08,2.4767808e-09,1.3888358e-08
2009-10-15,1455.4276073619633,295.2469,2.6595222e-07,3.7757078e-10,7.4076922e-09,8.043251e-09,1.0336337e-09,9.5512185e-09
2009-10-16,1509.8284662576687,296.18256,5.4968507e-07,7.161267e-09,1.590276e-08,1.720486e-08,3.4124590000000005e-09,1.6823858e-08
2009-10-17,2153.1703960396035,292.88715,4.2792146000000004e-07,1.3987844e-09,2.1664677000000005e-08,1.5412766000000002e-08,2.081925e-09,1.5111163999999998e-08
2009-10-20,1356.4518390804599,292.6031,1.9896307999999998e-07,2.3791855e-10,5.747859000000001e-09,6.3725727e-09,9.696034e-10,9.35723e-09
2009-10-21,1134.7375925925924,295.18777,2.8642702000000005e-07,7.038183e-10,1.2104188e-08,9.491415999999999e-09,2.1526489999999997e-09,1.5111484e-08
2009-10-22,1432.0382208588956,295.94556,3.9820062999999996e-07,1.4010136e-09,1.4704803e-08,1.0426831e-08,1.9128918e-09,1.2230643e-08
2009-10-23,1184.8257668711656,294.31973,1.8169501e-07,3.0384137e-10,6.4886345e-09,5.4729816e-09,7.3993117e-10,7.323443e-09
2009-10-24,806.1857055214723,296.21744,3.2575459999999997e-07,6.0974203e-10,1.3367748e-08,1.080575e-08,2.3092601e-09,1.4848857e-08
2009-10-25,848.8229447852764,295.12906,3.6016053e-07,1.0797675e-09,1.6500971e-08,1.4264607e-08,1.6010111e-09,1.0914056e-08
2009-10-26,1325.759325153374,294.61517000000003,2.4560979999999995e-07,4.2132034e-10,1.00814965e-08,1.1788628000000001e-08,3.994824e-10,4.6614814e-09
2009-10-27,955.2647852760736,292.81354,1.7478844e-07,1.386692e-10,3.6220256e-09,4.405864e-09,6.3556227e-10,6.2062346e-09
2009-10-28,1405.2188343558275,294.5465,2.9590797e-07,4.1176115e-10,1.3930991000000001e-08,9.611079e-09,1.8751127e-09,1.3970272e-08
2009-10-29,921.836751592356,293.6214,3.9210299999999995e-07,2.3771372e-09,1.9001389e-08,1.285441e-08,2.5796927e-09,1.4054872999999998e-08
2009-10-30,707.6431097560977,291.14844,2.6757428e-07,2.727457e-10,1.2309273e-08,8.293845999999999e-09,1.1180367e-09,9.74226e-09
2009-10-31,676.6334355828221,289.0994,1.6110626999999996e-07,1.6778837e-10,4.100383e-09,4.1845847e-09,9.884373e-10,9.919993e-09
2009-11-01,1574.9977914110432,291.39655,2.7002514e-07,5.299528599999999e-10,1.04524975e-08,9.189209000000001e-09,2.7395748e-09,1.9690324e-08
2009-11-02,788.2571779141101,292.66672,5.124254600000001e-07,1.0898548000000002e-08,1.5140746e-08,1.5846371e-08,5.704103000000001e-09,2.6938120999999998e-08
2009-11-03,1188.209756097561,291.6757,2.223185e-07,4.3857568e-10,1.0186598e-08,9.443642e-09,1.0356322e-09,8.634548e-09
2009-11-04,1054.7531288343562,292.2446,2.8264674e-07,8.027861e-10,9.889440999999998e-09,8.730718e-09,2.0195186e-09,1.37131275e-08
2009-11-05,1103.383540372671,293.05713,3.2190317e-07,7.601619e-10,2.2108493e-08,9.756613e-09,3.4926373e-09,2.0750761000000005e-08
2009-11-06,1811.1323312883426,296.65524,4.0939474e-07,2.2598020000000002e-09,1.5909109e-08,1.0856774e-08,5.992425999999999e-09,3.3427238e-08
2009-11-07,1571.4635365853655,293.92132999999995,2.2008685e-07,2.3430058e-10,1.17311885e-08,6.101232e-09,1.2156752e-09,1.0760417e-08
2009-11-08,1603.3252760736193,295.3049,2.2879939999999998e-07,2.3245127999999997e-10,6.6138295e-09,6.4000885e-09,1.2042376e-09,1.0221553999999999e-08
2009-11-09,1022.1499386503073,293.87796000000003,2.4947199999999997e-07,4.727921e-10,8.184131e-09,7.683741999999998e-09,2.1441702e-09,1.7247258000000002e-08
2009-11-10,819.2011042944781,294.57599999999996,3.0139697e-07,1.9112e-09,8.811613999999999e-09,8.091772e-09,4.3353197e-09,2.406777e-08
2009-11-11,1460.353251533742,295.61136,5.1003667e-07,1.1584959e-08,1.4470042999999999e-08,1.4652684e-08,7.881435e-09,3.5249748e-08
2009-11-12,1751.4858282208584,296.8955,3.3593096e-07,2.5460689999999998e-09,1.1992159e-08,8.489424999999999e-09,4.3744417e-09,2.5034044e-08
2009-11-13,1168.9890184049084,296.75806,2.5839003e-07,3.9576684e-10,9.742907e-09,6.6254073e-09,1.6953002e-09,1.518582e-08
2009-11-14,1005.0332098765433,296.0332,2.6992421000000005e-07,3.680948e-10,1.3891058e-08,6.5804104e-09,2.5644449e-09,1.8769947e-08
2009-11-15,1086.3855828220862,296.75872999999996,3.4882393e-07,2.4109177e-09,1.1247461000000001e-08,1.0243608e-08,5.5859606e-09,2.9739513999999998e-08
2009-11-16,665.354110429448,294.26813,2.3782204999999997e-07,2.5813174e-10,8.453679000000001e-09,6.390130999999999e-09,2.2401474e-09,1.7096721999999998e-08
2009-11-17,811.7113725490201,287.69057999999995,1.1883326999999999e-07,3.7257433e-10,6.7757239999999995e-09,7.973955e-09,8.146243e-10,8.6283904e-09
2009-11-18,607.2732515337424,286.2515,1.3189229999999998e-07,2.050568e-10,3.737011e-09,3.7879029999999994e-09,1.4851508e-09,1.4224204000000001e-08
2009-11-19,394.5963803680983,286.69714,2.3162704000000003e-07,6.067144e-10,9.124532e-09,8.838636e-09,1.9378272e-09,1.7881118999999998e-08
2009-11-20,379.59185185185197,284.67627000000005,1.3466612e-07,5.296499400000001e-10,8.527256e-09,1.0709836000000002e-08,1.1382719999999999e-09,1.2158723999999998e-08
2009-11-21,531.2209615384613,287.77477999999996,2.6057002999999996e-07,4.195174e-09,1.0413784999999999e-08,1.2560973e-08,4.009385e-09,3.165475e-08
2009-11-22,1737.7563803680987,291.72208,5.2094833e-07,1.28777655e-08,1.758041e-08,1.5619841000000002e-08,9.9271515e-09,5.3959910000000006e-08
2009-11-23,2546.167484662577,293.39795,5.1712595e-07,1.4764963e-08,2.2955755e-08,1.5885245e-08,8.042029000000001e-09,4.002647799999999e-08
2009-11-24,1106.335398773006,294.06006,2.2406446e-07,3.8225462e-10,1.0371748000000001e-08,8.334907e-09,2.6384677e-09,2.0088374999999998e-08
2009-11-25,2422.2050920245388,295.51172,4.2081734e-07,4.752604e-09,1.4932038e-08,1.4097382e-08,6.252105999999999e-09,3.3500132000000005e-08
2009-11-26,2742.132098765432,297.80782999999997,3.01539e-07,7.400759e-10,1.4887010000000001e-08,9.160281e-09,4.7548916e-09,2.8978648999999995e-08
2009-11-27,1602.8117791411041,297.82684,2.2743001e-07,2.4924192999999997e-10,1.247681e-08,7.4039828e-09,2.4245677e-09,1.7378102999999998e-08
2009-11-28,1045.026036585366,297.97937,2.2975142000000002e-07,2.9414404e-10,1.0225559000000002e-08,8.665988e-09,2.8361690000000002e-09,1.8394216000000002e-08
2009-11-29,777.3477914110426,297.7069,2.929869e-07,1.6677807e-09,1.3636933e-08,9.385926999999999e-09,4.4646806e-09,2.4291602000000002e-08
2009-11-30,897.7666459627324,296.4042,3.1780890000000004e-07,4.6041415e-09,8.388825999999999e-09,9.503913e-09,4.9875757e-09,2.5044459e-08
2009-12-01,673.6649382716051,295.8947,2.5389275000000003e-07,1.16145e-09,1.5342666e-08,8.5075715e-09,3.5111187e-09,1.8326058999999997e-08
2009-12-02,776.9492993630571,295.64716,1.8667889000000002e-07,1.9223335e-10,4.6152113e-09,4.8700075e-09,1.6308183e-09,1.7130695000000002e-08
2009-12-03,698.6174846625769,296.68242999999995,1.6846204e-07,3.1157069e-10,6.438006e-09,4.430385e-09,2.1436048e-09,2.0678984e-08
2009-12-04,934.8751533742333,297.19732999999997,1.9914876e-07,2.6915783e-10,5.242309000000001e-09,5.221572e-09,2.2310966e-09,2.1274363999999996e-08
2009-12-05,1215.0181981981982,297.38455,2.0892588e-07,4.2880488e-10,9.2390815e-09,6.6285355e-09,1.6838905e-09,1.3127454999999998e-08
2009-12-10,1119.3148192771082,294.84067000000005,2.4264492e-07,1.9645827e-09,1.1492191000000001e-08,1.0081504000000001e-08,3.1729752e-09,1.8465325e-08
2009-12-11,371.69545454545454,294.96265,2.1919683e-07,3.7218156e-10,1.0530813999999999e-08,1.0135063e-08,1.8383768e-09,1.4650433999999998e-08
2009-12-18,1433.6997101449274,299.35898,5.288633000000001e-07,1.3882094999999999e-08,4.402684799999999e-08,1.8249025e-08,8.225173000000001e-09,4.0723084e-08
2009-12-19,1434.642857142857,298.2029,2.4227583e-07,1.4130411e-09,7.9993185e-09,7.60545e-09,2.5523292e-09,1.56966e-08
2009-12-22,1750.3308333333343,297.0739,3.0706885999999995e-07,1.7226895e-09,1.3008723999999999e-08,1.282702e-08,3.5501067e-09,1.8786421000000002e-08
2009-12-23,1466.6533333333327,298.60138,2.4016987e-07,3.0370365e-10,1.1602838e-08,9.589343000000001e-09,2.4943307e-09,1.6553808999999996e-08
2009-12-24,1446.1222222222225,298.7563,3.3100966e-07,5.4767897e-09,1.5469393e-08,1.4290412000000002e-08,4.484984e-09,2.2871988999999998e-08
2010-01-02,119.42655555555555,296.27475,1.7911694e-07,3.8725706e-10,8.181046999999999e-09,1.2380053e-08,6.832308e-10,9.079001e-09
2010-01-03,333.0096875,293.6438,1.622221e-07,2.6295366000000003e-10,6.082725e-09,5.6863754e-09,2.2029816e-09,2.1853262000000005e-08
2010-01-14,1896.3820895522388,294.64374,1.7026133999999998e-07,4.733135599999999e-10,1.2503252e-08,8.759644e-09,1.7851163e-09,1.5712423e-08
2010-01-15,1622.550858895705,295.5569,2.4122696e-07,4.9698057e-10,1.4439875e-08,1.0333131e-08,4.3586450000000005e-09,2.8714203999999997e-08
2010-01-16,1518.801840490799,296.27927,2.0143254000000003e-07,5.124496e-10,1.0793783000000001e-08,7.1186657e-09,3.9795809999999995e-09,2.5826942e-08
2010-01-17,1259.1446625766876,296.03362999999996,1.9859482999999998e-07,4.364886e-10,8.479767e-09,6.9430697e-09,4.413821e-09,2.8118837e-08
2010-01-18,915.816402877698,294.7687,1.4817233e-07,2.7770122000000004e-10,5.3964193e-09,5.4275759999999995e-09,2.2268425e-09,1.920307e-08
2010-01-19,1027.8442499999996,295.17136,2.9389318e-07,7.4478015e-09,1.16355645e-08,1.1306223999999997e-08,8.387385000000001e-09,4.0475732999999996e-08
2010-01-20,934.2843558282208,293.8867,1.8762374999999998e-07,4.1625800000000005e-10,1.0198597e-08,9.018314000000001e-09,2.7803948e-09,2.4977244999999998e-08
2010-01-21,771.0720858895703,292.65582,1.8987645000000002e-07,1.3766281e-09,7.844087e-09,6.7632833e-09,3.7109518e-09,3.5360305e-08
2010-01-22,1000.3642331288344,293.8175,2.0867195000000003e-07,9.038265e-10,1.0937497e-08,8.830236e-09,3.8993266e-09,2.9654298999999998e-08
2010-01-23,1229.6581595092025,295.0134,2.654805e-07,1.4154845e-09,1.5113127e-08,1.3448506000000002e-08,4.2926893e-09,3.2431709999999996e-08
2010-01-24,1337.4023926380369,295.91652999999997,2.3719168e-07,9.926177e-10,1.1951006000000003e-08,1.2741831000000002e-08,3.5227126e-09,3.072518e-08
2010-01-25,1407.4821582733814,296.35196,2.5789106e-07,1.1574416e-09,1.3625942e-08,9.495181999999998e-09,4.7328115e-09,3.3181333e-08
2010-01-26,713.4424193548389,294.9978,1.8773485999999998e-07,6.354451e-10,6.524974e-09,6.7180763e-09,2.7984894e-09,2.6202304e-08
2010-01-27,798.2420245398772,294.72458,2.1511002999999998e-07,4.479833e-10,6.7896684e-09,5.5083986e-09,3.776197e-09,2.8205747000000003e-08
2010-01-28,1780.7092307692305,296.1055,3.0293964e-07,2.2253093e-09,1.8124029e-08,1.4819256e-08,5.461751e-09,3.6761267999999994e-08
2010-01-29,1011.2785802469133,295.23676,1.8338244e-07,1.8444603000000002e-10,8.888705e-09,7.552308000000001e-09,2.14765e-09,1.9257254e-08
2010-01-30,759.7232456140349,293.36804,1.5665046e-07,1.9877703999999998e-10,5.6757106e-09,4.735531e-09,2.328026e-09,2.1709580000000002e-08
2010-01-31,945.8861904761903,294.93677,1.8013185999999998e-07,3.6700018e-10,8.052276999999999e-09,7.111920999999999e-09,3.1416996e-09,2.5774145000000003e-08
2010-02-03,1201.658620689655,295.3405,1.6224080999999998e-07,1.9817971e-10,6.7746924e-09,5.4792606e-09,2.853314e-09,2.5465240000000004e-08
2010-02-04,867.7323602484471,295.87203999999997,3.0530188e-07,3.8650887e-09,1.6870915000000002e-08,1.3560873e-08,6.6983983e-09,4.3553565999999995e-08
2010-02-05,1087.4550306748472,295.4255,1.9881492000000002e-07,2.129596e-10,1.0340590000000001e-08,7.697869e-09,2.8099052e-09,2.5335602e-08
2010-02-06,1948.5274846625773,295.16467,2.1179243e-07,5.051925e-10,8.143589e-09,7.6653075e-09,3.05112e-09,2.4286207000000003e-08
2010-02-07,1493.9115527950307,296.41382000000004,3.5842634999999996e-07,3.734792e-09,2.2709234e-08,1.3404625e-08,7.1601099999999996e-09,4.3248477e-08
2010-02-08,2080.7446012269947,297.08685,2.6316104e-07,1.3173548e-09,1.1235499e-08,1.0325337e-08,4.8365574e-09,3.788964e-08
2010-02-09,1488.007239263804,296.05672999999996,2.8145546999999996e-07,6.201278e-10,1.6077587e-08,1.0816243e-08,5.0552638e-09,3.789359e-08
2010-02-10,1676.9839007092196,295.86287999999996,2.9065401e-07,5.7561594e-10,1.3129048000000002e-08,1.1218404e-08,5.6550635e-09,4.274091999999999e-08
2010-02-11,2883.033128834357,297.3761,4.1114759999999995e-07,5.5332454e-09,2.9956683999999993e-08,1.38021825e-08,1.05822275e-08,6.672178999999999e-08
2010-02-12,2682.08527607362,298.37344,3.4514747e-07,5.306637e-10,1.9914744e-08,1.3411783000000002e-08,5.553758000000001e-09,4.5665924e-08
2010-02-13,1864.789570552146,300.32703,4.8696836e-07,8.0270235e-09,2.0403379e-08,1.5452338e-08,1.3409208000000001e-08,8.0277175e-08
2010-02-14,999.226073619632,297.61843999999996,2.1479553e-07,1.2254351e-09,1.6419628e-08,1.4847518999999997e-08,1.3879259e-09,1.5538635e-08
2010-02-15,802.7135570469799,295.27124,1.6787589999999997e-07,3.473568e-10,8.714656e-09,5.9082690000000004e-09,1.785485e-09,1.7070102e-08
2010-02-16,1059.0899382716043,295.1818,2.7460726e-07,3.0633003e-09,2.1572646e-08,1.1719037e-08,6.9675075e-09,4.010033e-08
2010-02-17,892.2885889570555,294.42148,2.1970117999999998e-07,3.8619957e-10,9.926848e-09,8.710629999999999e-09,3.0800964e-09,2.7261000000000002e-08
2010-02-18,2530.4061349693256,294.60474,2.8505159999999996e-07,6.812275e-10,1.9062428e-08,1.5009066e-08,4.407369e-09,3.3824865e-08
2010-02-19,1358.3803067484669,295.37253,2.6306157e-07,2.261676e-09,1.3302733e-08,1.533528e-08,3.2539420000000003e-09,2.7104743e-08
2010-02-20,974.2452147239264,295.44467000000003,1.5645428e-07,9.241827e-10,1.15417595e-08,1.3128311000000002e-08,1.8541761e-09,1.816691e-08
2010-02-21,1477.6777300613498,295.55875,2.443646e-07,1.3340917e-09,1.8626917000000002e-08,1.2839986000000002e-08,4.1491206e-09,3.3784385e-08
2010-02-22,2403.276687116564,295.9253,4.465644e-07,4.3953787e-09,1.4766419e-08,1.4870205000000001e-08,1.0570058e-08,6.512491000000001e-08
2010-02-23,711.600245398773,295.03283999999996,1.6856704000000002e-07,5.476066e-10,7.9227185e-09,6.6455880000000014e-09,2.5105398e-09,2.0624464e-08
2010-02-24,527.8003597122304,295.33087,1.1618236e-07,2.257625e-10,3.5241297e-09,3.9108707e-09,1.5335847e-09,1.321618e-08
2010-02-25,652.0426503067483,292.26422,1.4963835e-07,3.97968e-10,5.701795e-09,6.4807253e-09,2.6212060000000003e-09,2.6341317000000003e-08
2010-02-26,1627.2709202453989,293.70166,4.4966946999999996e-07,1.2039239e-08,1.2080773999999998e-08,1.4501461000000002e-08,1.1557473e-08,6.604932400000001e-08
2010-02-27,1215.1014723926378,293.77072000000004,2.3809262e-07,9.408795e-10,1.8382508000000002e-08,1.7133281000000002e-08,3.0373084e-09,2.6755812000000004e-08
2010-02-28,1410.4896319018399,295.70102,1.997128e-07,1.5212857e-09,1.3155418999999999e-08,1.7720721e-08,2.1820998e-09,2.0648583e-08
2010-03-01,2567.9164150943398,295.73453,2.3592766e-07,1.5950266e-09,1.2037302e-08,1.6274658000000002e-08,2.8347165e-09,2.5263772e-08
2010-03-02,3482.693292682927,296.91797,6.223046400000001e-07,1.2510216999999999e-08,2.0296171999999997e-08,1.7800232000000002e-08,1.5355626e-08,8.698958e-08
2010-03-03,1438.1974829931974,295.55362,1.8159014000000003e-07,2.2186356e-10,7.2254065e-09,6.3049290000000006e-09,1.9798803e-09,1.8108187e-08
2010-03-04,859.9621687499998,294.6633,1.7159265999999998e-07,3.1056344e-10,5.3690923e-09,5.930663e-09,2.3348260000000003e-09,1.9498836e-08
2010-03-05,1185.7617177914112,293.80157,2.4080302e-07,5.348547e-10,1.4204450000000002e-08,9.7051105e-09,3.087801e-09,2.5489141000000003e-08
2010-03-06,2092.905950920246,295.15833,3.7153143e-07,9.302312e-10,1.6050492e-08,1.2291091e-08,5.716854999999999e-09,4.0162432999999995e-08
2010-03-07,1083.4642944785278,294.16916000000003,2.1626885999999998e-07,8.655925e-10,9.589304e-09,1.354765e-08,1.7371171e-09,1.6490313e-08
2010-03-08,1773.3011585365846,293.9606,2.7962184e-07,2.1313435e-09,2.1876967999999998e-08,1.5257767e-08,2.9397207e-09,2.4509747e-08
2010-03-09,2728.6233742331274,294.53394,3.6978463e-07,1.915497e-09,1.8524897e-08,1.37388625e-08,5.3115867e-09,4.084866000000001e-08
2010-03-10,3319.2423312883448,296.31787,7.484443399999999e-07,1.8355232e-08,2.6474860000000002e-08,1.9174102e-08,1.5468265e-08,8.976927e-08
2010-03-11,2215.056012269938,297.47632000000004,7.8683945e-07,1.746073e-08,2.4949076e-08,2.133114e-08,1.509264e-08,8.8899824e-08
2010-03-12,1719.4300613496937,298.65436,7.976437e-07,1.8818126e-08,2.3509022000000003e-08,2.0870244e-08,1.4913846e-08,8.336152999999999e-08
2010-03-13,2186.7371428571428,297.8609,4.7595684999999994e-07,8.061281999999999e-09,2.0339221999999996e-08,2.2745402000000002e-08,5.972939e-09,3.4841634e-08
2010-03-14,1486.8982317073167,296.77576,3.0372863e-07,1.7136769e-09,1.5706351999999998e-08,1.4507596999999999e-08,2.353953e-09,1.8545619999999997e-08
2010-03-15,541.1381081081083,294.41107,1.7532494e-07,4.0308262e-10,7.471603e-09,9.049695e-09,1.5185538e-09,1.3550589e-08
2010-03-23,1283.48,293.67654,7.636506e-07,1.2283757e-08,3.1288785e-08,1.917355e-08,1.22834e-08,6.7522706e-08
2010-03-24,1887.32944785276,292.91122,4.3223432e-07,1.1121457e-09,1.4404096000000002e-08,1.1253965e-08,5.7282159999999994e-09,3.4634215e-08
2010-03-25,1604.8481595092026,294.52142000000003,4.8335687e-07,2.5034352e-09,2.1656817000000005e-08,1.542016e-08,5.9017724e-09,3.5401786e-08
2010-03-26,1351.1670552147234,295.49987999999996,4.992266e-07,2.5375853e-09,2.1459725e-08,1.5034913999999998e-08,5.710289000000001e-09,3.3163733e-08
2010-03-27,1411.8347852760742,294.98547,3.2727849e-07,9.304219599999999e-10,1.2653051000000002e-08,1.0166806000000002e-08,4.0166657e-09,2.6857937999999998e-08
2010-03-28,1266.562085889571,295.2219,8.0541196e-07,2.8976034e-08,1.9736373000000002e-08,2.4117307000000002e-08,1.09791705e-08,5.5184195000000006e-08
2010-03-29,836.3120245398774,292.99164,3.3982515999999996e-07,1.1608561e-09,1.1295924e-08,8.449339e-09,2.431412e-09,2.0136430999999998e-08
2010-03-30,1116.9046666666666,294.0534,6.9103277e-07,1.0112497000000001e-08,2.4344267000000005e-08,1.7895275e-08,7.4354665e-09,3.7919765e-08
2010-04-01,740.0003846153844,291.53128,3.1020354999999997e-07,3.9515394e-10,1.34844695e-08,9.737804e-09,2.1057842e-09,1.8269828000000002e-08
2010-04-02,744.633619631902,291.28326,4.5578406000000003e-07,2.4063687e-09,2.6472541e-08,1.8689212e-08,3.3290701e-09,2.5188007999999996e-08
2010-04-03,1190.7412883435586,291.40502999999995,7.5303853e-07,1.7614042e-08,3.3624506e-08,2.648013e-08,7.8371265e-09,3.7531002e-08
2010-04-04,861.9522699386503,292.41373,7.023614999999999e-07,7.0799304e-09,1.8806963e-08,1.6112837e-08,7.4146619999999995e-09,3.910573600000001e-08
2010-04-05,446.03443037974677,290.9666,4.1779245000000003e-07,1.2787748e-09,1.4614089e-08,1.4273949e-08,3.339785e-09,2.113677e-08
2010-04-06,684.4936875000002,291.4269,2.8463663e-07,8.347889e-10,1.2481416000000001e-08,9.450332e-09,2.5838365e-09,1.9234294e-08
2010-04-07,685.1420245398774,291.95052999999996,9.0003635e-07,2.5876223999999998e-08,9.57684e-09,2.5936313e-08,1.13321885e-08,5.1741452000000005e-08
2010-04-08,1094.4543478260866,292.28997999999996,1.3060021e-06,4.3408257000000006e-08,3.593718e-08,3.6154315e-08,1.2605149e-08,5.7853864e-08
2010-04-09,1170.3328571428572,292.64232999999996,3.5398503000000003e-07,3.8965877999999997e-10,1.0944428e-08,1.0024097e-08,2.0901187e-09,1.6336852e-08
2010-04-10,717.0835582822083,293.94702,5.9554316e-07,1.0591899e-08,2.0090390000000002e-08,1.9820614e-08,7.962817e-09,4.1764196e-08
2010-04-11,1402.149878048781,291.0511,8.50137e-07,2.748328e-08,1.6736466e-08,3.224923e-08,7.664604e-09,3.2910986000000005e-08
2010-04-12,1105.7516564417172,292.4275,7.667439e-07,9.9185105e-09,2.457976e-08,2.0854276999999998e-08,6.6317396e-09,3.3746975e-08
2010-04-13,525.0267283950617,292.60556,1.3557408000000002e-06,3.8366373e-08,2.5341058999999997e-08,3.6642629999999994e-08,1.1142716000000001e-08,4.976479299999999e-08
2010-04-14,273.5233333333333,292.15277000000003,1.3586744999999998e-06,2.9835192000000004e-08,2.2111761000000003e-08,2.9031357000000005e-08,9.567958000000002e-09,4.4151523e-08
2010-04-24,1163.2027659574467,286.265,1.9330029999999997e-07,1.3069548e-10,6.284725e-09,5.2886246e-09,5.0133186e-10,4.6044915e-09
2010-04-25,529.4346464646463,286.09985,2.2557388e-07,3.0795957000000004e-10,7.1197737e-09,7.4431354e-09,7.326204e-10,6.6929653e-09
2010-04-26,979.0112962962959,285.60458,3.5896127e-07,1.0575223e-09,1.2722126e-08,1.26606e-08,1.6179265e-09,1.1939642e-08
2010-04-27,1263.964417177914,286.77563,3.708668e-07,1.2162793e-09,1.2824024e-08,1.2489803e-08,1.8264177e-09,1.3133598999999998e-08
2010-04-28,975.8405555555556,288.30502,5.647664000000001e-07,4.9797064e-09,2.3132308999999998e-08,1.8514081000000002e-08,3.091223e-09,1.6237166000000002e-08
2010-04-29,1063.6257055214726,289.55157,9.441868000000001e-07,2.1449045e-08,2.9998979999999996e-08,2.3129044e-08,6.6866965e-09,3.1167275e-08
2010-04-30,1398.3045945945944,289.67264,1.74736e-06,6.819735000000001e-08,2.2309946e-08,3.4709075e-08,8.791787e-09,3.6959236e-08
2010-05-01,1262.5093124999996,289.54938,1.2439588000000001e-06,2.6087728e-08,2.2569892999999995e-08,2.8023834e-08,5.961368e-09,2.8626467e-08
2010-05-02,1771.4746625766868,289.07027999999997,8.2825784e-07,7.252034e-09,2.5345846e-08,2.5145736000000004e-08,3.1827179e-09,1.5158273000000003e-08
2010-05-03,709.845672839506,288.17905,5.551964399999999e-07,1.8873685e-09,1.9225865000000003e-08,1.6765956000000002e-08,2.2277150000000003e-09,1.2757675e-08
2010-05-04,914.6275460122702,288.50973999999997,3.2516950000000003e-07,4.402403e-10,1.0213805e-08,9.282697e-09,1.2063652e-09,8.187857e-09
2010-05-05,1167.433987730062,289.52643,6.79486e-07,1.0606095e-08,1.4356337e-08,1.8643734e-08,4.503210999999999e-09,2.3401650000000004e-08
2010-05-06,1231.5073619631908,288.91476,1.6400434999999998e-06,6.223417e-08,1.917893e-08,3.1366472e-08,7.9625675e-09,3.3045175e-08
2010-05-07,1586.3620245398777,291.0058,9.404726e-07,2.1097898999999996e-08,1.4840761e-08,2.0403743000000003e-08,5.0871964e-09,2.6045252999999997e-08
2010-05-08,2150.8644785276074,290.95816,9.954479999999999e-07,1.8558978e-08,1.8842686999999998e-08,2.3004395e-08,4.2109054e-09,1.9880439999999998e-08
2010-05-09,1826.321049382715,291.3515,6.657118e-07,5.3022076e-09,1.5412905e-08,1.7487064e-08,2.7011808e-09,1.4620046999999998e-08
2010-05-10,888.3987195121949,291.47485,4.828991699999999e-07,4.3725996e-09,1.2377871e-08,1.3987910999999999e-08,2.4901379999999996e-09,1.2855198e-08
2010-05-11,810.8627300613499,288.38684,4.2294238e-07,4.5924993e-09,1.3544476999999999e-08,1.6816587000000002e-08,1.7689901e-09,1.0948556e-08
2010-05-12,1364.3319018404907,287.46564,1.130989e-06,3.077109e-08,2.1310356e-08,3.8070154999999996e-08,3.9685197e-09,1.8002764e-08
2010-05-13,1648.661785714286,288.22348,7.53158e-07,4.8756754e-09,2.1122748e-08,2.1200413999999998e-08,2.2049935e-09,1.1753539e-08
