date,concentration,t,co
2005-01-01,153.87791666666666,281.0625,1.2950113e-07
2005-01-02,128.3475,279.98645,1.3229536e-07
2005-01-03,192.29416666666668,282.68964,1.2892241999999998e-07
2005-01-04,128.08333333333334,281.50424,1.3027614999999998e-07
2005-01-05,168.00541666666666,281.6411,1.3630779e-07
2005-01-06,205.1033333333333,282.86694,1.3210075e-07
2005-01-07,222.47,283.37335,1.1295142e-07
2005-01-08,99.805,280.82397000000003,1.3175588000000002e-07
2005-01-09,216.90750000000003,283.0846,1.238258e-07
2005-01-10,162.05708333333334,282.0937,1.3250062e-07
2005-01-11,176.87083333333337,281.34106,1.3392551999999998e-07
2005-01-12,130.585,280.32025,1.3667595999999999e-07
2005-01-13,256.77833333333336,280.40927,1.44435e-07
2005-01-14,299.7447826086957,282.58063,1.3758957e-07
2005-01-15,177.61,281.99744,1.3366157000000002e-07
2005-01-17,84.815,279.2107,1.19091e-07
2005-01-19,158.50266666666667,282.3211,1.1849849000000001e-07
2005-01-20,135.78833333333336,282.78387000000004,1.14312854e-07
2005-01-21,184.92666666666665,280.57565,1.3080658e-07
2005-01-22,291.45375,280.13818,1.4923673e-07
2005-01-23,194.59166666666667,276.5946,1.7255837e-07
2005-01-24,125.46374999999996,278.76004,1.4822123e-07
2005-01-25,171.92916666666667,279.52875,1.4775742e-07
2005-01-26,95.92958333333333,280.33386,1.3522143e-07
2005-01-27,55.40125000000001,278.92725,1.3779591e-07
2005-01-28,64.79041666666666,279.6639,1.3606956e-07
2005-01-29,81.34916666666669,280.3042,1.3177208e-07
2005-01-30,49.90720833333334,280.0109,1.3313749e-07
2005-01-31,56.98666666666666,280.404,1.2766624e-07
2005-02-01,58.89291666666667,279.63437000000005,1.2748507e-07
2005-02-02,69.46375,280.11096000000003,1.277783e-07
2005-02-03,57.79166666666666,280.45667000000003,1.2846382000000001e-07
2005-02-04,62.37375,280.92992999999996,1.2436016e-07
2005-02-05,60.28416666666669,278.47253,1.4002671e-07
2005-02-06,276.5966666666667,278.9511,1.3712861999999998e-07
2005-02-07,486.8404166666669,278.5591,1.5207107e-07
2005-02-08,127.91750000000002,280.45114,1.3984645e-07
2005-02-09,185.10416666666663,281.9672,1.3638369e-07
2005-02-10,198.1125,280.32556,1.3619766e-07
2005-02-11,201.36333333333343,281.42834,1.4127963e-07
2005-02-12,119.27833333333332,281.27423,1.2889910000000001e-07
2005-02-13,88.71791666666665,278.781,1.3611317e-07
2005-02-14,354.72,279.26767,1.4418472e-07
2005-02-15,350.2333333333333,279.52386,1.6893341e-07
2005-02-16,145.51916666666662,280.31122,1.3923122e-07
2005-02-17,116.94375,279.90878,1.3533443e-07
2005-02-18,143.7875,280.47528,1.3864982000000002e-07
2005-02-19,234.9625,279.61578,1.5651273000000002e-07
2005-02-20,145.00208333333333,277.85764,1.4268628e-07
2005-02-21,241.0595833333333,279.00894,1.3886066e-07
2005-02-22,587.4041666666667,276.40332,1.7710269e-07
2005-02-23,836.7375000000002,275.5329,1.7775302e-07
2005-02-24,1681.9,275.30472000000003,1.6858972000000002e-07
2005-02-25,977.2374999999997,276.8719,1.8157232999999999e-07
2005-02-26,665.3833333333333,277.7243,1.7293154e-07
2005-02-27,683.3666666666664,277.90918,1.421434e-07
2005-02-28,338.12666666666667,278.41327,1.4454598e-07
2005-03-01,87.42666666666666,278.30453,1.437851e-07
2005-03-02,76.07166666666669,276.71657999999996,1.4027135000000002e-07
2005-03-03,78.01416666666665,277.97058,1.4259219e-07
2005-03-04,97.44208333333334,280.13422,1.3782926000000003e-07
2005-03-05,112.325,279.39337,1.4342231e-07
2005-03-06,316.50416666666666,278.09705,1.5328885e-07
2005-03-07,181.87958333333336,279.0451,1.5531820000000003e-07
2005-03-08,315.56291666666664,278.74734,1.4320020999999998e-07
2005-03-09,150.01250000000005,278.92764,1.4466842000000002e-07
2005-03-10,133.92374999999996,279.56476000000004,1.4711383999999998e-07
2005-03-11,101.73833333333334,279.80307,1.4165812e-07
2005-03-12,166.65333333333334,278.3357,1.4520089000000003e-07
2005-03-13,116.61124999999998,277.6,1.4683513e-07
2005-03-14,712.6374999999998,280.2448,1.4590539999999998e-07
2005-03-15,377.57083333333327,283.0871,1.326906e-07
2005-03-16,270.00000000000006,283.58362,1.3185252e-07
2005-03-17,406.9458333333334,283.7292,1.3622673000000002e-07
2005-03-18,669.1166666666667,283.33142000000004,1.2997579e-07
2005-03-20,2370.7916666666665,283.80975,2.0906299000000001e-07
2005-03-21,977.8874999999997,281.93027,1.8673833e-07
2005-03-22,230.34791666666672,282.3427,1.5255473e-07
2005-03-23,576.1566666666666,282.85400000000004,1.392095e-07
2005-03-24,219.2225,282.4884,1.3959905e-07
2005-03-25,674.265,283.80374,1.4179375e-07
2005-03-26,934.4,282.62453999999997,1.5312454999999997e-07
2005-03-27,700.9000000000002,281.289,1.8482817999999998e-07
2005-03-28,861.5333333333333,281.2766,1.9017530999999998e-07
2005-03-29,1071.9041666666667,280.93127000000004,1.9300711e-07
2005-03-30,612.2708333333334,280.7977,2.0568201e-07
2005-03-31,974.1166666666664,281.4161,1.9712857e-07
2005-04-01,320.55395833333336,282.50903,1.294821e-07
2005-04-02,1347.9583333333333,282.77727999999996,1.8003299999999998e-07
2005-04-03,374.7779166666667,280.75982999999997,1.7453435e-07
2005-04-04,52.552,279.402,1.5212687e-07
2005-04-05,60.457142857142856,280.89874,1.4963682999999997e-07
2005-04-06,109.72714285714287,279.75607,1.4462827e-07
2005-04-07,87.7077777777778,278.93237,1.4433549e-07
2005-04-15,135.93636363636364,279.76636,1.5010518e-07
2005-04-16,159.98749999999995,278.90372,1.4978566e-07
2005-04-17,91.6025,281.27676,1.3902323e-07
2005-04-18,68.73916666666669,280.69434,1.4590535e-07
2005-04-19,190.92416666666668,280.60046,1.6419004e-07
2005-04-20,700.5791666666665,281.60364,1.7181804e-07
2005-04-21,1142.466666666667,281.69946,1.6912972e-07
2005-04-22,1741.375,282.46277000000003,1.9233429999999998e-07
2005-04-23,1329.6916666666666,283.19324,1.9727105e-07
2005-04-24,1419.4625,282.91656,2.2133236e-07
2005-04-25,1291.8708333333334,282.84412000000003,2.1153758e-07
2005-04-26,188.20166666666665,281.4953,1.5639621e-07
2005-04-27,117.46833333333336,281.73547,1.4016615e-07
2005-04-28,80.67791666666666,282.90222,1.3568311e-07
2005-04-29,128.76666666666665,282.3355,1.35629e-07
2005-04-30,371.7,283.14655,1.4570759e-07
2005-05-01,605.2283333333334,284.17532,1.3348648e-07
2005-05-02,174.98888888888894,283.14035,1.3382757000000003e-07
2005-05-03,95.52333333333333,281.86922999999996,1.3661625000000002e-07
2005-05-04,201.5770833333333,281.52185,1.3132832999999998e-07
2005-05-05,147.55375,282.35938,1.2890432e-07
2005-05-06,83.16083333333334,282.8071,1.2171871e-07
2005-05-07,219.52916666666667,281.84943,1.2960531e-07
2005-05-08,139.09166666666667,281.33203,1.3843375e-07
2005-05-09,169.1175,280.67807,1.3988503e-07
2005-05-10,277.29166666666663,280.73642,1.4674747e-07
2005-05-11,800.6416666666665,282.30203,1.5789667999999998e-07
2005-05-12,1677.8291666666669,282.79816,1.6863413000000002e-07
2005-05-13,1134.0708333333334,283.45135,1.5456338e-07
2005-05-14,1651.7130434782607,283.48607999999996,1.4278163000000002e-07
2005-05-15,819.6958333333333,283.5897,1.5828545e-07
2005-05-16,202.8575,281.82907,1.2550343e-07
2005-05-17,252.6125,280.69897000000003,1.3384557000000002e-07
2005-05-18,264.38208333333336,282.61105,1.2697303e-07
2005-05-19,132.95583333333335,283.95715,1.18588346e-07
2005-05-20,88.64916666666666,282.9956,1.2563980000000002e-07
2005-05-21,88.27166666666666,282.4357,1.2493106e-07
2005-05-22,63.10708333333334,281.80096000000003,1.289991e-07
2005-05-23,107.80458333333333,281.87823,1.2593827e-07
2005-05-24,100.86208333333332,283.44257000000005,1.309634e-07
2005-05-25,136.72124999999997,284.55844,1.16650455e-07
2005-05-26,114.32333333333334,283.31735,1.1996741e-07
2005-05-27,211.61250000000004,282.74207,1.2633265e-07
2005-05-28,86.94291666666666,283.14606000000003,1.2358284e-07
2005-05-29,88.36874999999998,282.90297999999996,1.18636045e-07
2005-05-30,112.39041666666668,283.1955,1.2921666e-07
2005-05-31,228.07625,284.39175,1.2781489e-07
2005-06-01,160.86,284.8045,1.0442511e-07
2005-06-02,154.6579166666666,284.87842,1.0513810000000002e-07
2005-06-03,102.78958333333334,284.24136,1.10096366e-07
2005-06-04,73.43,284.55377000000004,1.1283769e-07
2005-06-05,178.08833333333337,284.90524,1.1419649e-07
2005-06-06,432.8666666666666,286.49026000000003,1.1745444000000001e-07
2005-06-07,543.7916666666665,286.1425,1.2896962e-07
2005-06-08,586.5416666666667,285.7147,1.2504555e-07
2005-06-09,416.525,285.40963999999997,1.3156435999999998e-07
2005-06-10,234.7125,284.1833,9.981468e-08
2005-06-11,226.22499999999997,284.08505,1.0307803999999999e-07
2005-06-12,135.28,282.75012000000004,9.811861000000001e-08
2005-06-13,175.37916666666663,283.0946,1.0019217e-07
2005-06-14,193.50416666666663,283.89203,9.954233e-08
2005-06-15,175.93541666666667,284.64062,1.0334075e-07
2005-06-16,154.13125,285.60422,9.9861346e-08
2005-06-17,192.2263157894737,286.74875,9.211852e-08
2005-06-20,72.50727272727273,285.68155,9.816823e-08
2005-06-21,120.145,286.0378,8.960440000000001e-08
2005-06-22,218.98333333333332,286.25133999999997,8.493610400000002e-08
2005-06-23,92.93666666666668,285.8861,9.190328e-08
2005-06-24,117.24124999999997,284.99915,9.152724000000001e-08
2005-06-25,146.07541666666668,284.2176,9.328163999999999e-08
2005-06-26,140.89999999999995,284.97137000000004,9.614142999999999e-08
2005-06-27,116.03458333333332,285.3993,9.410583000000001e-08
2005-06-28,339.43333333333334,287.01758,9.843597599999999e-08
2005-06-29,659.2866666666665,287.07147000000003,1.107663e-07
2005-06-30,102.04374999999996,285.69,9.080453e-08
2005-07-01,91.10833333333332,286.0029,9.938150999999999e-08
2005-07-02,84.46791666666667,286.25537,9.8904735e-08
2005-07-03,39.4,284.9402,8.683696000000001e-08
2005-07-04,61.16666666666666,285.1084,8.8745544e-08
2005-07-05,66.41173913043477,285.7748,9.379671999999999e-08
2005-07-06,114.10375,285.24503,9.106475599999999e-08
2005-07-07,56.521538461538455,285.61697000000004,8.884544e-08
2005-07-08,123.70999999999998,286.1477,8.221531000000001e-08
2005-07-09,50.43416666666666,286.69498,8.750388000000002e-08
2005-07-10,47.15529411764707,287.46835,1.0118352999999999e-07
2005-07-14,195.05,285.60126,9.178566999999999e-08
2005-07-15,210.72500000000005,285.75934,9.707687e-08
2005-07-16,160.1833333333333,285.71814,1.0280424999999999e-07
2005-07-17,143.08083333333337,286.45264,1.0301044000000002e-07
2005-07-18,100.26083333333332,286.02768,9.521314600000001e-08
2005-07-19,90.21041666666667,286.2434,9.379446000000001e-08
2005-07-20,133.40041666666664,286.91782,8.9994984e-08
2005-07-21,127.2695833333333,287.1682,9.1506024e-08
2005-07-22,101.57875,287.13757000000004,8.8898375e-08
2005-07-23,377.8,287.7023,9.296955e-08
2005-07-24,869.9333333333329,288.404,1.0375366e-07
2005-07-25,246.11249999999995,286.07776,9.2831534e-08
2005-07-26,138.77,285.82944,8.938680999999999e-08
2005-07-27,434.1583333333333,286.8499,9.533317e-08
2005-07-28,809.8176470588237,287.38527999999997,9.752225e-08
2005-07-29,261.29090909090905,286.79425,9.152133599999999e-08
2005-07-30,129.1208333333333,285.98245,8.5143256e-08
2005-07-31,72.2375,285.57617,8.2714784e-08
2005-08-01,163.26333333333332,286.33755,9.131741e-08
2005-08-02,173.24416666666664,286.93625,9.463784e-08
2005-08-03,101.28833333333334,286.9381,8.982960499999999e-08
2005-08-04,123.3825,287.43097,8.7150724e-08
2005-08-05,125.18666666666664,286.87772,9.0100286e-08
2005-08-06,141.315,287.0057,9.142866e-08
2005-08-09,133.11750000000004,287.16315,9.236408e-08
2005-08-10,600.7416666666667,286.438,9.183554499999999e-08
2005-08-11,212.09166666666667,287.1831,9.070836999999999e-08
2005-08-12,212.575,287.2011,8.404048e-08
2005-08-13,148.85250000000005,287.8553,9.778717000000001e-08
2005-08-14,140.22791666666666,286.98645,1.0342146000000001e-07
2005-08-15,243.5125,287.8307,1.0017998000000001e-07
2005-08-16,404.4625,288.30922999999996,1.0541826e-07
2005-08-17,339.7416666666667,288.04755,9.759022400000001e-08
2005-08-18,119.76916666666664,287.37292,9.466584e-08
2005-08-19,91.53333333333332,287.29346,8.6523556e-08
2005-08-20,163.62083333333334,287.5383,9.131894500000001e-08
2005-08-21,104.56166666666668,288.73633,9.065071000000002e-08
2005-08-22,108.97374999999998,286.93213,9.207439400000001e-08
2005-08-23,197.73291666666668,287.93032999999997,9.1586465e-08
2005-08-24,89.29625,286.8298,9.102188e-08
2005-08-25,91.675,285.1269,8.783644e-08
2005-08-26,100.98958333333331,286.13525,8.826794999999998e-08
2005-08-27,78.49083333333331,287.2014,8.6802785e-08
2005-08-28,150.07458333333332,288.77194,8.704822999999999e-08
2005-08-29,119.83999999999996,287.63113,1.2976741e-07
2005-08-30,184.66708333333332,287.81036,1.2534403e-07
2005-08-31,184.8145833333334,287.71576,1.0194421e-07
2005-09-01,86.25291666666664,286.1903,1.1341242999999998e-07
2005-09-02,132.12208333333334,287.8981,1.2306003e-07
2005-09-03,1356.6833333333334,289.23987,1.2797397999999999e-07
2005-09-04,1711.9958333333334,290.09622,1.5053446e-07
2005-09-05,262.3625,288.82842999999997,1.1835841e-07
2005-09-06,290.9899999999999,287.57099999999997,1.2367938e-07
2005-09-07,83.6870833333333,288.31442000000004,1.0553798999999999e-07
2005-09-08,148.91250000000005,287.13635,1.1412898e-07
2005-09-09,317.21666666666664,286.664,1.1679511e-07
2005-09-10,312.82916666666665,286.72345,1.1901823e-07
2005-09-11,234.4,286.2202,1.0999978e-07
2005-09-12,272.7504166666667,287.18712999999997,1.1554764e-07
2005-09-13,213.81375000000003,289.4356,1.0477883999999999e-07
2005-09-14,291.3625,287.0285,1.0333800999999999e-07
2005-09-15,97.44208333333336,287.2134,1.0149777600000001e-07
2005-09-16,94.20708333333332,285.0259,1.0627696400000001e-07
2005-09-17,54.39874999999999,285.48654,1.0708311e-07
2005-09-18,194.13083333333336,286.86383,1.1161953500000001e-07
2005-09-19,193.93833333333333,287.47823999999997,1.11936956e-07
2005-09-20,146.63499999999996,286.89432,1.0160997999999999e-07
2005-09-21,336.9791666666667,288.29346,1.0226716e-07
2005-09-22,155.24375000000006,288.76877,1.02388356e-07
2005-09-23,75.2325,285.70337,1.0255321e-07
2005-09-24,155.44916666666668,285.5899,1.0557349e-07
2005-09-25,47.09333333333336,286.00476000000003,1.03445046e-07
2005-09-26,214.86875,287.75455,1.0135672999999999e-07
2005-09-27,84.77416666666664,285.2722,1.0365285999999999e-07
2005-09-28,96.40458333333336,285.33456,1.0265774e-07
2005-09-29,101.17958333333333,286.7858,9.771592e-08
2005-09-30,102.08333333333336,286.96558,9.2905324e-08
2005-10-01,82.01999999999998,284.73447000000004,1.0154778e-07
2005-10-02,157.26416666666668,285.525,1.0020313999999999e-07
2005-10-03,165.8375,285.85602,9.81726e-08
2005-10-04,289.4125,286.22925,9.914784e-08
2005-10-05,771.9958333333334,286.97156,1.1481776e-07
2005-10-06,954.625,286.72003,1.19173095e-07
2005-10-07,415.13916666666677,287.52695,1.1668440400000001e-07
2005-10-08,39.69541666666667,283.779,1.0703441999999999e-07
2005-10-09,112.57666666666664,286.0404,1.0662752000000001e-07
2005-10-10,89.88291666666666,285.70676000000003,1.03521245e-07
2005-10-11,130.7725,283.9536,1.0907671000000001e-07
2005-10-12,124.78833333333333,283.67645,1.1079459e-07
2005-10-13,388.7466666666666,284.24683,1.1882042e-07
2005-10-14,651.3666666666667,284.45715,1.284228e-07
2005-10-15,1003.481818181818,288.30975,1.7649717000000003e-07
2005-10-16,2398.333333333333,287.7419,1.8015560999999998e-07
2005-10-17,1459.8499999999995,287.08942,1.8738581e-07
2005-10-18,1330.7375000000004,286.44263,1.5625822e-07
2005-10-19,47.78666666666667,284.70599999999996,1.0618962e-07
2005-10-20,79.73833333333333,284.8224,1.0398213e-07
2005-10-21,233.4704166666667,284.72742,1.0961765e-07
2005-10-22,266.34583333333336,283.9317,1.14440056e-07
2005-10-23,273.56916666666666,285.3543,1.320887e-07
2005-10-24,151.29791666666662,286.91562000000005,1.1062519e-07
2005-10-25,84.0766666666667,285.35327,1.0962674e-07
2005-10-26,393.2120833333333,287.63495,1.0529634e-07
2005-10-27,739.8141666666666,288.73068,1.1171619e-07
2005-10-28,85.4775,285.9032,1.0960442000000001e-07
2005-10-29,275.23333333333335,285.98926,1.0777488e-07
2005-10-30,80.53374999999998,285.9831,1.1211404400000001e-07
2005-10-31,70.76083333333331,284.20923,1.1686715e-07
2005-11-01,193.02375,283.50357,1.2142046e-07
2005-11-02,201.53875,285.4913,1.1487735e-07
2005-11-03,186.8883333333333,284.65362999999996,1.2513844e-07
2005-11-04,51.00666666666666,282.75287000000003,1.2715563e-07
2005-11-05,143.1170833333333,284.55624,1.2208001e-07
2005-11-06,112.92625000000002,283.61255,1.264036e-07
2005-11-07,104.93583333333336,282.61478,1.1973383e-07
2005-11-08,57.84,281.82944,1.3576813000000002e-07
2005-11-09,97.57125000000002,283.40494,1.784136e-07
2005-11-10,176.84375,285.66846,1.471137e-07
2005-11-11,145.01375000000004,283.8792,1.3872395000000002e-07
2005-11-12,91.09291666666668,282.06006,1.3419537e-07
2005-11-13,56.27666666666667,282.69672,1.3585398000000003e-07
2005-11-14,63.9675,283.86688,1.5390092999999998e-07
2005-11-15,98.90375,283.74078,1.2866195e-07
2005-11-16,375.2166666666667,281.45255,1.396707e-07
2005-11-17,819.1666666666669,281.32425,1.5218474e-07
2005-11-18,796.8125,283.30417,1.4645269e-07
2005-11-19,1772.416666666667,281.4664,1.7800315999999998e-07
2005-11-20,1738.4958333333332,280.55762000000004,1.8420734e-07
2005-11-21,1874.75,279.35455,1.8883267e-07
2005-11-22,2302.5416666666665,280.92078,1.9190707999999997e-07
2005-11-23,1285.2666666666667,280.27954,1.9167113000000002e-07
2005-11-24,187.06208333333333,282.18256,1.3838299e-07
2005-11-25,49.74791666666667,277.7716,1.3930999e-07
2005-11-26,64.68208333333332,280.20316,1.3849387e-07
2005-11-27,78.25333333333333,279.8746,1.3492881e-07
2005-11-28,83.20875000000002,279.20758,1.3144295000000002e-07
2005-11-29,44.89875,282.26122999999995,1.2375033e-07
2005-11-30,45.90375,282.64938,1.1357504999999999e-07
2005-12-01,305.03458333333333,280.17917,1.3173289000000003e-07
2005-12-02,144.58291666666668,280.07767,1.4142157e-07
2005-12-03,119.90875,281.85022000000004,1.4857101999999998e-07
2005-12-04,45.4675,280.81842,1.3042580000000002e-07
2005-12-05,38.51874999999999,280.08887000000004,1.4274049e-07
2005-12-06,680.9220833333334,282.0392,1.5855194e-07
2005-12-07,227.99833333333336,281.16953,1.3873583999999998e-07
2005-12-08,132.6025,282.0668,1.3652006000000001e-07
2005-12-09,93.78458333333332,284.12338,1.0704050599999998e-07
2005-12-10,126.70125000000002,283.8028,1.0359054400000002e-07
2005-12-11,462.09999999999985,283.20386,1.5045772e-07
2005-12-12,343.9275,279.85474,1.451164e-07
2005-12-13,1178.3375,279.00253,1.6034632000000002e-07
2005-12-14,166.85291666666666,282.04773,1.3368973999999998e-07
2005-12-15,319.6875,282.5611,1.256421e-07
2005-12-16,116.4,282.72997999999995,1.2391294e-07
2005-12-17,369.7270833333334,281.3383,1.2776964999999999e-07
2005-12-18,49.17958333333333,281.65512,1.208533e-07
2005-12-19,50.12125,281.5749,1.4215411999999998e-07
2005-12-20,57.82208333333332,282.5681,1.1966608e-07
2005-12-21,164.9825,282.5369,1.242473e-07
2005-12-22,431.4291666666666,283.43712999999997,1.193032e-07
2005-12-23,338.9220833333334,282.98666000000003,1.2566336e-07
2005-12-24,1042.6333333333332,281.83783,1.3897474e-07
2005-12-25,1254.2708333333333,279.44147000000004,1.7164099e-07
2005-12-26,1055.5125,277.3905,1.6524673e-07
2005-12-27,805.6875,277.6325,1.7302786999999998e-07
2005-12-28,930.9958333333334,277.74188,1.6896936e-07
2005-12-29,246.23125000000005,280.14838,1.5244034e-07
2005-12-30,84.67666666666666,282.26062,1.3233681e-07
2005-12-31,135.08416666666665,281.04724,1.4534623000000002e-07
2006-03-01,86.18958333333335,275.7527,1.5058829000000002e-07
2006-03-02,309.035,276.06006,1.4749664e-07
2006-03-03,427.29041666666654,275.59002999999996,1.6280964e-07
2006-03-04,115.28791666666666,276.68842,1.6180691e-07
2006-03-05,57.09416666666666,278.6754,1.4825395e-07
2006-03-06,149.12375000000003,279.778,1.5031299e-07
2006-03-07,96.59291666666668,281.7473,1.3999659e-07
2006-03-08,137.55791666666667,281.3412,1.3132237e-07
2006-03-09,127.02333333333335,279.19815,1.4712001999999998e-07
2006-03-10,120.79083333333335,279.06644,1.4477891e-07
2006-03-11,151.68500000000003,280.01477,1.4688692e-07
2006-03-12,202.05,282.44843,1.2220475e-07
2006-03-13,105.53708333333331,282.36742999999996,1.2846667999999999e-07
2006-03-14,141.49458333333334,281.23712,1.4683164000000002e-07
2006-03-15,619.9958333333334,279.38842999999997,1.7263955e-07
2006-03-16,983.6208333333334,277.96805,2.127646e-07
2006-03-17,866.7916666666665,276.87225,1.8866854e-07
2006-03-18,1868.8083333333332,277.42657,1.7231406e-07
2006-03-19,585.7291666666666,278.02396,1.6742881e-07
2006-03-20,449.925,278.53497000000004,1.608924e-07
2006-03-21,485.64583333333337,277.51657,1.5332165e-07
2006-03-22,815.9166666666665,277.42322,1.6454148999999997e-07
2006-03-23,1362.2833333333333,278.39886,1.7115934e-07
2006-03-24,1670.5,278.87982,2.200081e-07
2006-03-25,267.75916666666666,281.7208,1.5985592e-07
2006-03-26,175.19541666666663,282.96587999999997,1.3060028e-07
2006-03-27,97.00875,281.69296,1.3084433e-07
2006-03-28,108.80083333333334,280.55312999999995,1.5718511e-07
2006-03-29,163.32291666666666,279.67838,1.6182625000000002e-07
2006-03-30,107.61666666666667,281.51544,1.5293315e-07
2006-03-31,81.485,281.06067,1.5322983e-07
2006-04-01,61.50083333333333,280.28156,1.5270182e-07
2006-04-02,82.49708333333334,280.17783,1.5793265e-07
2006-04-03,80.565,279.58688,1.5006954e-07
2006-04-04,130.80625,278.83117999999996,1.636777e-07
2006-04-05,195.83083333333332,278.62823,1.6414724e-07
2006-04-06,112.8,280.53326,1.5254017999999998e-07
2006-04-07,136.18291666666667,279.97314,1.4995511e-07
2006-04-08,73.485,279.46472,1.5063492999999998e-07
2006-04-09,75.4683333333333,279.2893,1.547599e-07
2006-04-10,67.37041666666667,279.00018,1.5935865e-07
2006-04-11,124.29250000000002,281.6861,1.3937318e-07
2006-04-12,158.08041666666662,281.93686,1.3411929e-07
2006-04-13,95.21333333333335,281.6759,1.3108958e-07
2006-04-14,88.59333333333333,280.73400000000004,1.3972279e-07
2006-04-15,245.5458333333333,281.2387,1.4487792e-07
2006-04-16,167.86999999999995,281.5265,1.3170171e-07
2006-04-17,331.1375,281.91324,1.3485318e-07
2006-04-18,237.61250000000004,281.2469,1.3292137e-07
2006-04-19,128.72958333333335,280.7589,1.3798429999999998e-07
2006-04-20,321.475,281.69287,1.3851177999999999e-07
2006-04-21,477.575,281.94775,1.5360648e-07
2006-04-22,166.69500000000005,281.9995,1.4331826e-07
2006-04-23,87.66083333333331,281.28296,1.442509e-07
2006-04-24,192.4320833333333,281.87485,1.3982907000000002e-07
2006-04-25,192.2775,282.5857,1.2701506e-07
2006-04-26,333.60833333333335,282.37927,1.3018335e-07
2006-04-27,351.2000000000001,281.67416000000003,1.3206716e-07
2006-04-28,299.5958333333333,281.22314,1.2945384e-07
2006-04-29,292.87083333333334,280.4323,1.2751329e-07
2006-04-30,123.84875000000004,281.1282,1.1668435e-07
2006-05-01,77.75374999999998,280.88748,1.3404323000000002e-07
2006-05-02,119.89291666666668,281.52136,1.3189332e-07
2006-05-03,117.07,282.86242999999996,1.3052016e-07
2006-05-04,369.1175,283.67267000000004,1.276951e-07
2006-05-05,123.71041666666667,282.4656,1.3204688e-07
2006-05-06,117.28916666666667,282.63586000000004,1.3002708e-07
2006-05-07,148.43333333333334,282.63022,1.363866e-07
2006-05-08,348.79166666666674,282.1225,1.6528827e-07
2006-05-09,259.20416666666665,282.95126,1.4224335e-07
2006-05-10,1043.175,284.17966,2.0536685000000003e-07
2006-05-11,1549.541666666667,285.1489,2.3608190000000002e-07
2006-05-12,1064.0583333333334,282.5391,2.0674084000000001e-07
2006-05-13,333.45833333333337,282.1382,1.3527858e-07
2006-05-14,421.8083333333333,283.4399,1.3133095e-07
2006-05-15,488.5591666666666,283.93323,1.254672e-07
2006-05-16,165.95217391304345,283.88562,1.13785184e-07
2006-05-17,202.87833333333333,284.62305,1.1715962e-07
2006-05-18,125.91875,283.71338,1.1910377399999999e-07
2006-05-19,114.82999999999998,283.57755,1.27593e-07
2006-05-20,107.72874999999998,282.16573999999997,1.282133e-07
2006-05-21,112.71166666666666,280.0929,1.3455983999999998e-07
2006-05-22,93.99166666666666,280.0586,1.4344835e-07
2006-05-23,66.38416666666667,280.99585,1.354937e-07
2006-05-24,92.76416666666664,281.68225,1.3595293e-07
2006-05-25,171.43458333333334,282.62677,1.3918887e-07
2006-05-26,72.18916666666667,284.21204,9.104517999999998e-08
2006-05-27,110.79041666666667,283.93564,1.1155745500000001e-07
2006-05-28,96.16041666666668,283.17816,1.2608942e-07
2006-05-29,216.02625,282.66425,1.27794e-07
2006-05-30,167.35,282.20833999999996,1.3115623999999998e-07
2006-05-31,190.36250000000004,282.61487,1.3134436e-07
2007-01-01,89.76208333333334,279.55737,1.2946214e-07
2007-01-02,146.34050000000005,281.3753,1.3241585e-07
2007-01-03,121.913,283.295,1.2182443e-07
2007-01-04,99.56458333333336,281.76276,1.2894485e-07
2007-01-05,66.38916666666667,281.9105,1.2881995e-07
2007-01-06,94.22125,281.6353,1.3116477e-07
2007-01-07,142.65333333333334,281.59378,1.3901942000000002e-07
2007-01-08,152.12458333333333,282.8222,1.2919521e-07
2007-01-09,132.74791666666667,282.17096000000004,1.33595e-07
2007-01-10,102.59999999999998,280.53635,1.3675188e-07
2007-01-11,247.70833333333331,282.66595,1.3186997e-07
2007-01-12,272.275,283.43475,1.2310396e-07
2007-01-13,132.20375,281.83087,1.2664222e-07
2007-01-14,144.03833333333333,281.76412999999997,1.3795449e-07
2007-01-15,154.90583333333333,282.01892000000004,1.369938e-07
2007-01-16,203.8383333333333,278.52985,1.4881866000000001e-07
2007-01-17,78.81166666666665,279.6127,1.3106724e-07
2007-01-18,161.72916666666666,281.63538,1.2922416e-07
2007-01-19,132.87208333333334,282.46299999999997,1.2707085e-07
2007-01-20,105.07916666666668,280.20422,1.3417238000000002e-07
2007-01-21,94.66458333333334,279.0316,1.3869271e-07
2007-01-22,81.23125,278.1496,1.4772142000000002e-07
2007-01-23,41.10041666666667,278.1475,1.4147523e-07
2007-01-24,78.62333333333333,279.4445,1.3490961e-07
2007-01-25,111.64833333333333,277.79926,1.4452819e-07
2007-01-26,61.7275,279.85757,1.4139764999999998e-07
2007-01-27,39.19875,279.5014,1.4287374e-07
2007-01-28,81.77541666666669,280.69442999999995,1.2951531e-07
2007-01-29,36.65466666666666,279.83386,1.304778e-07
2007-01-30,81.86583333333333,280.31787,1.3002338e-07
2007-01-31,116.07791666666664,281.8948,1.3460532999999999e-07
2007-02-01,139.40166666666667,281.68282999999997,1.3390334e-07
2007-02-02,202.6683333333333,280.30762000000004,1.4606748999999998e-07
2007-02-03,1124.4791666666667,278.69354,1.8206998000000002e-07
2007-02-04,1467.875,275.8111,2.1347276999999998e-07
2007-02-05,445.6208333333332,277.12003,1.6702276e-07
2007-02-06,692.3333333333335,275.38403,1.637349e-07
2007-02-07,1255.7083333333333,275.17294,1.7781285000000002e-07
2007-02-08,194.9520833333333,278.40192,1.5677742000000002e-07
2007-02-09,150.61916666666667,278.59616,1.4196917e-07
2007-02-10,654.0708333333333,278.1163,1.9904387e-07
2007-02-11,212.6233333333333,280.5173,1.4075592000000002e-07
2007-02-12,180.575,279.70474,1.5974860000000001e-07
2007-02-13,89.05125,279.92902000000004,1.4438312e-07
2007-02-14,136.34374999999997,279.4245,1.4404797e-07
2007-02-15,137.97833333333335,282.00043,1.3791964000000002e-07
2007-02-16,157.13833333333338,281.06262000000004,1.3730588000000001e-07
2007-02-17,196.805,279.5164,1.4693936e-07
2007-02-18,406.50833333333327,278.70633,1.641749e-07
2007-02-19,122.28,281.9641,1.367562e-07
2007-02-20,243.39625000000004,280.4242,1.3835039999999999e-07
2007-02-21,128.68750000000003,279.8323,1.4087876999999999e-07
2007-02-22,174.14333333333332,281.28665,1.3764085000000002e-07
2007-02-23,194.2958333333333,280.98407000000003,1.3914904e-07
2007-02-24,140.90124999999995,280.60675,1.3904604e-07
2007-02-25,73.98708333333333,280.5744,1.464509e-07
2007-02-26,88.19749999999998,280.84963999999997,1.4638698e-07
2007-02-27,123.34583333333332,282.589,1.2358923e-07
2007-02-28,158.35333333333332,280.63885,1.4332560999999998e-07
2007-03-01,68.01958333333333,279.05157,1.5254928e-07
2007-03-02,107.02875000000002,279.9353,1.4401001999999997e-07
2007-03-03,79.34374999999999,280.04736,1.4325899e-07
2007-03-04,222.005,280.60882999999995,1.4079228000000002e-07
2007-03-05,135.87791666666666,280.56903,1.3723772e-07
2007-03-06,102.19250000000004,280.13675,1.3985021e-07
2007-03-07,162.2204166666667,280.04736,1.4451949e-07
2007-03-08,219.41041666666672,281.04156,1.5097967000000001e-07
2007-03-09,162.86416666666662,280.6036,1.4457078e-07
2007-03-10,212.02083333333331,282.33557,1.357324e-07
2007-03-11,183.09041666666664,280.86072,1.3349647e-07
2007-03-12,84.33083333333335,279.6895,1.4413955999999998e-07
2007-03-13,218.16541666666663,281.30707,1.6494332999999998e-07
2007-03-14,313.6125,281.6706,1.6342422e-07
2007-03-15,187.43833333333333,281.05634,1.4616607e-07
2007-03-16,193.53333333333333,281.09747000000004,1.4315665e-07
2007-03-17,179.50541666666663,281.6583,1.3829973000000001e-07
2007-03-18,121.00833333333333,277.4828,1.3959684e-07
2007-03-19,81.40083333333334,276.60925,1.4512048e-07
2007-03-20,72.21875,277.17575,1.5066499e-07
2007-03-21,150.44375,279.50247,1.4813918e-07
2007-03-22,109.595,281.31256,1.3604370999999998e-07
2007-03-23,402.1220833333332,280.45526,1.5678023000000002e-07
2007-03-24,593.9404166666667,281.05453,1.5547472e-07
2007-03-25,1494.9,279.68716,1.8996226e-07
2007-03-26,2383.9166666666665,281.15362999999996,2.2764277e-07
2007-03-27,1543.3141666666666,280.92902000000004,2.8096747e-07
2007-03-28,41.0425,279.23404,1.5417476999999998e-07
2007-03-29,47.0275,278.18567,1.5060229e-07
2007-03-30,1165.2541666666666,280.41672,1.8981535e-07
2007-03-31,3414.782608695652,281.16843,2.2477941e-07
2007-04-01,1441.083333333333,280.875,2.0308408e-07
2007-04-02,1422.275,281.36597,1.8391314000000002e-07
2007-04-03,1061.8749999999998,280.88372999999996,1.7979372000000002e-07
2007-04-04,1095.9458333333332,280.42596000000003,1.7009506e-07
2007-04-05,900.3416666666666,280.33496,1.6267540000000001e-07
2007-04-06,718.8083333333329,281.01703,1.6793368e-07
2007-04-07,791.3499999999998,281.76068,1.8624728000000002e-07
2007-04-08,610.9166666666666,279.7127,1.7021204999999999e-07
2007-04-09,308.2875,281.48938,1.4032835e-07
2007-04-10,258.67833333333334,281.91724,1.4094253e-07
2007-04-11,314.69166666666666,282.09866,1.5513541e-07
2007-04-12,187.35,281.7091,1.7136489e-07
2007-04-18,336.48181818181814,280.95592999999997,1.5608285e-07
2007-04-19,563.1208333333333,281.28747999999996,1.5186649e-07
2007-04-20,1010.6958333333333,281.74765,1.7758607e-07
2007-04-21,835.1416666666665,283.22292999999996,1.6635815e-07
2007-04-22,137.90083333333334,283.42593,1.2207936e-07
2007-04-23,191.4208333333333,284.24695,1.1249502e-07
2007-04-24,156.52083333333334,283.40997000000004,1.3035053e-07
2007-04-25,128.55208333333334,281.84845,1.3573892e-07
2007-04-26,215.40416666666667,281.65417,1.5660135e-07
2007-04-27,489.28750000000014,283.4769,1.6137936e-07
2007-04-28,1371.125,285.7563,1.7142287e-07
2007-04-29,1485.583333333333,284.9338,1.8617453e-07
2007-04-30,1607.291666666667,285.36942,1.881476e-07
2007-05-01,1503.458333333333,285.02187999999995,1.6842814e-07
2007-05-02,1624.675,285.3714,1.7777282999999998e-07
2007-05-03,1111.325,284.94525,2.1811965e-07
2007-05-04,1294.7333333333333,284.52823,1.7307947e-07
2007-05-05,819.7125,281.93604,1.6309879000000003e-07
2007-05-06,164.8708333333333,282.76624,1.3113313e-07
2007-05-07,123.96166666666666,282.43883999999997,1.3382048e-07
2007-05-08,108.36708333333333,282.4928,1.2885724e-07
2007-05-09,109.58708333333334,282.1004,1.2924205e-07
2007-05-10,147.86041666666668,282.2567,1.2708506e-07
2007-05-11,168.02750000000003,282.05078,1.3285592e-07
2007-05-12,208.6291666666667,282.10553,1.3705351999999998e-07
2007-05-13,236.14583333333331,281.3219,1.344205e-07
2007-05-14,113.4925,281.7428,1.3105151e-07
2007-05-15,70.88041666666666,282.5288,1.3273342000000002e-07
2007-05-16,129.17499999999998,283.7273,1.1458102e-07
2007-05-17,151.5545833333333,284.21918,1.0124066000000001e-07
2007-05-18,147.41375,283.06387,1.209916e-07
2007-05-19,118.82374999999998,281.64838,1.2530989999999998e-07
2007-05-20,78.44083333333332,281.61346000000003,1.2350247e-07
2007-05-21,101.09541666666664,282.38452,1.3614121e-07
2007-05-22,121.84374999999996,283.59362999999996,1.2881995e-07
2007-05-23,118.21541666666666,283.93807999999996,1.17897216e-07
2007-05-24,115.03333333333332,283.39722,1.1948323e-07
2007-05-25,99.96916666666668,281.6297,1.203311e-07
2007-05-26,85.64208333333333,280.46117999999996,1.2123608000000001e-07
2007-05-27,171.64874999999995,280.99744,1.2461788e-07
2007-05-28,160.9125,280.6883,1.2441943e-07
2007-05-29,223.89583333333331,282.05643,1.2689229e-07
2007-05-30,577.8666666666667,283.05258,1.3714047e-07
2007-05-31,254.4308333333333,283.32867000000005,1.268142e-07
2007-06-01,292.9708333333333,284.3794,1.2783121000000002e-07
2007-06-02,125.20333333333332,285.7058,1.012248e-07
2007-06-03,118.54375,284.43948,1.1157217999999998e-07
2007-06-04,142.31250000000003,283.73267000000004,1.1929414e-07
2007-06-05,979.9083333333333,286.48900000000003,1.3972641000000002e-07
2007-06-06,966.3083333333329,286.32596,1.5424791e-07
2007-06-07,819.7208333333333,285.81203999999997,1.3572420000000002e-07
2007-06-08,1051.8,286.84976,1.4437583e-07
2007-06-09,889.2166666666666,287.77463,1.5108580999999998e-07
2007-06-10,1062.7416666666666,288.0793,1.5746492000000002e-07
2007-06-11,1227.8916666666667,287.8053,1.6252742999999998e-07
2007-06-12,415.85416666666674,285.26099999999997,1.3125357000000002e-07
2007-06-13,240.61499999999992,285.32355,1.2638748e-07
2007-06-14,286.1408333333333,285.72722999999996,1.1909917e-07
2007-06-15,332.55833333333334,284.43304,1.18050124e-07
2007-06-16,392.32941176470587,284.0152,1.1363335000000001e-07
2007-06-17,361.58333333333326,284.2401,1.14028396e-07
2007-06-30,195.725,286.82962000000003,1.1488964400000001e-07
2007-07-01,171.07541666666668,286.33286,1.2848275e-07
2007-07-02,119.0291666666667,285.7177,1.0492303999999999e-07
2007-07-03,112.5525,285.0451,8.978406599999999e-08
2007-07-04,126.44791666666664,285.91876,9.592099599999999e-08
2007-07-05,149.13291666666666,285.7391,9.53613e-08
2007-07-06,113.78416666666664,285.00574,8.685314999999999e-08
2007-07-07,124.675,285.56052,9.4866955e-08
2007-07-08,87.73333333333332,284.89432,9.426894e-08
2007-07-09,190.40416666666667,285.1717,8.924348500000001e-08
2007-07-10,194.28333333333327,285.33356000000003,9.286719999999999e-08
2007-07-11,132.15958333333333,286.7749,9.543321499999999e-08
2007-07-12,93.96625,286.5843,9.426176500000001e-08
2007-07-13,185.05000000000004,285.9952,1.00384774e-07
2007-07-14,159.17083333333332,286.45947,9.16422e-08
2007-07-15,273.20833333333337,287.1281,1.0185056e-07
2007-07-16,303.5250000000001,286.9675,1.0944965e-07
2007-07-17,119.86541666666668,285.97192,9.677502499999999e-08
2007-07-18,179.84458333333336,286.51923,9.311833999999999e-08
2007-07-19,159.29999999999995,286.3175,9.347534e-08
2007-07-20,381.2166666666667,286.59862999999996,9.588483999999999e-08
2007-07-21,482.2666666666667,286.71227999999996,1.0380627000000001e-07
2007-07-22,210.96416666666664,286.4068,9.578545e-08
2007-07-23,213.15666666666664,286.0869,8.677237400000001e-08
2007-07-24,127.15173913043478,286.20013,7.830752000000001e-08
2007-07-25,95.37416666666664,286.95657,8.8163716e-08
2007-07-26,101.1383333333333,286.3553,8.417771e-08
2007-07-27,105.63000000000004,286.53308,8.654852e-08
2007-07-28,132.63375,286.04357999999996,9.120814999999998e-08
2007-07-29,114.40916666666668,286.0094,9.016327e-08
2007-07-30,129.1279166666667,286.06232,9.983447999999999e-08
2007-07-31,348.0124999999999,287.2417,9.203978999999999e-08
2007-08-01,171.79625,286.95617999999996,9.181803e-08
2007-08-02,72.19458333333334,287.11407,9.436066e-08
2007-08-03,109.40749999999998,288.03002999999995,9.156739e-08
2007-08-04,104.4854166666667,287.00183,1.0188992e-07
2007-08-05,73.62,286.46246,1.0231449000000002e-07
2007-08-06,76.66041666666666,285.90353,9.374715e-08
2007-08-07,117.64333333333332,285.60773,9.135181e-08
2007-08-08,138.0541666666667,287.173,9.301352599999999e-08
2007-08-09,96.77458333333333,287.30463,9.545897e-08
2007-08-10,65.76625,287.18773999999996,1.0043229e-07
2007-08-11,73.38291666666666,287.02374,9.9676285e-08
2007-08-12,71.30416666666667,286.0381,9.479362e-08
2007-08-13,118.95875,286.2346,9.204400400000001e-08
2007-08-14,214.50375,286.87273999999996,9.8979164e-08
2007-08-15,63.74041666666667,285.93102999999996,9.03746e-08
2007-08-16,99.86208333333332,285.6784,8.886445e-08
2007-08-17,74.02791666666668,287.04773,8.632807000000002e-08
2007-08-18,56.87000000000001,287.26926000000003,8.901038e-08
2007-08-19,111.98833333333334,286.4519,9.31172e-08
2007-08-20,105.68041666666666,286.90927,1.0527268e-07
2007-08-21,209.0041666666667,286.66406,8.860368e-08
2007-08-22,414.58749999999986,286.79504,1.0251156399999999e-07
2007-08-23,127.72458333333334,286.6351,9.249519e-08
2007-08-24,17.205083333333334,287.65656,8.210005999999999e-08
2007-08-25,75.57875,287.7597,8.775662499999999e-08
2007-08-26,124.08500000000002,286.6666,9.108885000000001e-08
2007-08-27,123.56333333333332,286.16656,8.918417e-08
2007-08-28,90.11791666666666,286.20505,8.820432400000001e-08
2007-08-29,34.176875,286.7327,8.675725e-08
2007-08-30,17.538833333333333,286.77536000000003,8.060386e-08
2007-08-31,28.50458333333333,287.19034,7.954136500000001e-08
2007-09-01,93.93666666666668,287.4761,8.317474000000001e-08
2007-09-02,124.13,287.8813,8.914832000000001e-08
2007-09-03,81.11958333333331,286.6915,8.761438e-08
2007-09-04,104.10041666666666,287.4635,8.85984e-08
2007-09-05,28.208749999999995,287.4139,7.77087e-08
2007-09-06,79.25541666666669,287.77502000000004,8.630978e-08
2007-09-07,119.53166666666668,286.90762,9.006184599999999e-08
2007-09-08,290.6,286.5201,9.281264e-08
2007-09-09,302.31666666666666,286.24023,8.993e-08
2007-09-10,321.07916666666665,287.8559,9.005922e-08
2007-09-11,296.01666666666665,287.4657,8.807221e-08
2007-09-12,271.3208333333333,287.73425,8.176662e-08
2007-09-13,364.48708333333326,288.05112,8.762454e-08
2007-09-14,67.64791666666667,286.76465,9.2322196e-08
2007-09-15,105.54,286.98157000000003,9.4102965e-08
2007-09-16,81.44833333333331,287.98755,8.633638000000001e-08
2007-09-17,45.88291666666667,283.68887,1.0136847e-07
2007-09-18,77.52875000000002,285.1687,1.0464583499999999e-07
2007-09-19,74.40166666666667,287.7535,9.566753999999999e-08
2007-09-20,128.8525,286.6826,1.0351434e-07
2007-09-21,90.25291666666668,286.40234,1.02608446e-07
2007-09-22,82.10791666666667,287.16504,9.940702999999999e-08
2007-09-23,65.73374999999999,286.95288,9.688185e-08
2007-09-24,57.53291666666667,284.8476,9.9798285e-08
2007-09-25,45.47041666666666,285.22717,1.0052061e-07
2007-09-26,86.24416666666666,283.98132000000004,1.0576931e-07
2007-09-27,362.09583333333336,282.36557,1.0965034400000001e-07
2007-09-28,462.3708333333332,284.11084,1.1189744000000001e-07
2007-09-29,535.4833333333332,285.03943,1.1619778e-07
2007-09-30,604.9000000000002,285.85938,1.3649547e-07
2007-10-01,1009.3916666666668,286.83752000000004,1.4655679e-07
2007-10-02,845.0291666666667,287.47308,1.5293976e-07
2007-10-04,65.34958333333333,286.4516,1.0850032000000001e-07
2007-10-05,209.8,287.59732,9.375277399999999e-08
2007-10-06,635.3041666666667,287.20004,1.1234465e-07
2007-10-07,1258.0,285.61145,1.4735207999999998e-07
2007-10-08,632.0845833333333,287.07434,1.2089956e-07
2007-10-09,95.46833333333332,286.5645,1.0495700999999999e-07
2007-10-10,189.84041666666664,286.64294,1.0722261999999999e-07
2007-10-11,212.30416666666665,287.7293,9.436130999999999e-08
2007-10-12,279.37083333333334,286.5866,1.0075315500000001e-07
2007-10-13,534.9791666666666,287.20972,1.2759796000000002e-07
2007-10-14,194.47750000000008,286.81293,1.2389239e-07
2007-10-15,61.12500000000001,286.49352999999996,1.08668885e-07
2007-10-16,36.43583333333333,285.2711,1.0475814999999999e-07
2007-10-17,96.45875,284.56378,1.0751015400000002e-07
2007-10-18,207.04166666666663,284.5742,1.1654293e-07
2007-10-19,466.35000000000014,285.8292,1.0419297999999999e-07
2007-10-20,839.875,285.59976,1.2002972e-07
2007-10-21,639.5833333333335,286.02872,1.1907786e-07
2007-10-22,120.88600000000001,286.24084,1.1142484599999999e-07
2007-10-23,203.2325,286.08313,1.2141992e-07
2007-10-24,70.59,284.02142000000003,1.7050583e-07
2007-10-25,55.39625000000001,283.83246,1.5152399e-07
2007-10-26,18.462875,285.64502000000005,1.1771125e-07
2007-10-27,7.527666666666668,286.5186,9.921011e-08
2007-10-28,5.263208333333334,283.8869,1.0494580000000001e-07
2007-10-29,7.380041666666663,283.7241,1.1327817e-07
2007-10-30,47.914375,285.703,1.0424203399999999e-07
2007-10-31,209.5,285.96423,9.518611999999999e-08
2007-11-01,152.15,286.51797,9.309791999999999e-08
2007-11-02,275.7291666666668,285.9644,1.0523137e-07
2007-11-03,315.5250000000001,285.14108,1.0628373e-07
2007-11-04,239.30000000000007,284.45398,9.387571e-08
2007-11-05,114.81166666666664,284.81597999999997,1.1037369999999999e-07
2007-11-06,115.33625,284.06597999999997,1.2499841999999998e-07
2007-11-07,83.60833333333333,284.9151,1.0753719999999999e-07
2007-11-08,99.17083333333332,284.03253,1.0986520000000001e-07
2007-11-09,104.0275,283.08813,1.2090428e-07
2007-11-12,111.625,282.75287000000003,1.2657936999999998e-07
2007-11-13,81.19111111111111,283.7225,1.1416478e-07
2007-11-14,57.72375,284.284,1.064012e-07
2007-11-15,222.52500000000006,284.10715,1.1788488000000001e-07
2007-11-16,420.90769230769234,284.20078,1.2991830000000002e-07
2007-11-17,335.6804166666667,284.0652,1.3182786999999999e-07
2007-11-18,40.926666666666655,280.90656,1.2744453999999999e-07
2007-11-19,414.7033333333334,280.92072,1.6361457e-07
2007-11-20,628.3249999999998,281.5254,1.5525295000000002e-07
2007-11-21,338.00416666666666,281.66112999999996,1.6363654e-07
2007-11-22,81.49416666666666,281.18152000000003,1.2696638e-07
2007-11-23,88.45708333333334,278.95026,1.201779e-07
2007-11-24,148.47125000000003,283.58057,1.2095197e-07
2007-11-25,126.36666666666662,283.68948,1.1730708999999999e-07
2007-11-26,45.64458333333334,283.58282,1.01025904e-07
2007-11-27,74.3975,284.07312,1.04685384e-07
2007-11-28,44.84916666666667,283.12625,1.1832939e-07
2007-11-29,70.51125,282.6027,1.2139961999999999e-07
2007-11-30,68.62833333333334,282.92312999999996,1.18957026e-07
2007-12-01,93.34,280.5105,1.2178857e-07
2007-12-02,118.90458333333338,282.79332999999997,1.1933031e-07
2007-12-03,85.69666666666667,282.35992000000005,1.2443157000000001e-07
2007-12-04,133.16958333333332,284.91857999999996,1.1150626e-07
2007-12-05,129.97833333333332,283.5234,1.1820114999999999e-07
2007-12-06,142.07583333333332,284.3028,1.1624584999999999e-07
2007-12-07,95.01125,280.35245,1.2408877e-07
2007-12-08,119.50875,281.87256,1.2409443e-07
2007-12-09,123.51083333333334,280.7882,1.2503322e-07
2007-12-10,54.29791666666667,280.35507,1.2998342999999998e-07
2007-12-11,132.49333333333334,282.4508,1.3216406e-07
2007-12-12,161.07541666666663,283.8953,1.2709955e-07
2007-12-13,396.775,283.60992000000005,1.3283987e-07
2007-12-14,446.82083333333327,282.58813,1.4574788e-07
2007-12-15,619.8083333333333,281.1422,1.4699128e-07
2007-12-16,827.7791666666666,279.86377000000005,1.6572353e-07
2007-12-17,1180.05,279.21628,1.7598606e-07
2007-12-18,1096.4625000000003,277.55356,1.7057157999999999e-07
2007-12-19,1153.7833333333335,277.31885,1.8123939e-07
2007-12-20,1601.0,279.50662,2.166035e-07
2007-12-21,1669.833333333333,279.69534,2.6689375e-07
2007-12-22,134.16291666666663,280.89047,1.6132886e-07
2007-12-23,103.09999999999998,281.68295,1.3098116e-07
2007-12-24,79.17291666666667,280.98566,1.3159475e-07
2007-12-25,56.81333333333333,280.10135,1.3455470999999998e-07
2007-12-26,120.04166666666669,283.04642,1.3136223999999998e-07
2007-12-27,307.0175000000001,282.7006,1.4185034e-07
2007-12-28,83.88250000000002,282.02664,1.2329743e-07
2007-12-29,142.73958333333331,280.72003,1.2882158e-07
2007-12-30,79.17583333333333,281.53027000000003,1.2822744e-07
2007-12-31,207.21708333333336,282.37906,1.3059572e-07
2008-01-01,295.64166666666665,282.714,1.2997128e-07
2008-01-02,515.7208333333333,280.2881,1.6777014e-07
2008-01-03,862.9291666666667,277.13895,1.8369698e-07
2008-01-04,419.90583333333353,277.15036000000003,1.6438414999999999e-07
2008-01-05,114.20541666666668,279.82117,1.2921802e-07
2008-01-06,114.81625,278.9069,1.3448329999999998e-07
2008-01-07,69.62375,279.58977999999996,1.3367199e-07
2008-01-08,90.9425,279.3813,1.3285629e-07
2008-01-09,58.53916666666666,278.61002,1.3299648999999999e-07
2008-01-10,48.00083333333333,279.79932,1.4326841e-07
2008-01-11,88.75958333333334,278.37032999999997,1.3912623e-07
2008-01-12,98.76333333333334,280.23187,1.4670377999999998e-07
2008-01-13,62.54249999999999,281.02747,1.3883326e-07
2008-01-14,75.03291666666667,280.4986,1.4342288e-07
2008-01-15,89.68833333333332,279.85287,1.3754243e-07
2008-01-16,121.18708333333336,279.74554,1.5127998000000002e-07
2008-01-17,118.03875000000004,281.0372,1.3348026000000002e-07
2008-01-18,175.84333333333333,283.17166000000003,1.2288221e-07
2008-01-19,302.6320833333333,281.29446,1.416109e-07
2008-01-20,235.06500000000003,281.48804,1.3700082e-07
2008-01-21,240.57083333333333,281.44125,1.3054877e-07
2008-01-22,126.31791666666665,281.8811,1.3750315e-07
2008-01-23,136.17208333333335,282.6934,1.2362781e-07
2008-01-24,90.56083333333332,279.87866,1.362044e-07
2008-01-25,251.75,282.4966,1.3805194e-07
2008-01-26,262.125,282.40012,1.3786354999999998e-07
2008-01-27,208.53333333333327,281.84302,1.382419e-07
2008-01-28,446.7958333333333,282.0581,1.4374470000000002e-07
2008-01-29,43.72958333333332,280.38364,1.3576711999999999e-07
2008-01-30,46.6195,279.91226,1.3520426000000001e-07
2008-01-31,86.93,278.75,1.3572915e-07
2008-02-01,54.70166666666668,276.14322000000004,1.3879448e-07
2008-02-02,81.72083333333335,278.9002,1.3597688e-07
2008-02-03,83.76583333333333,278.401,1.4100458999999998e-07
2008-02-04,105.85416666666669,279.4765,1.433839e-07
2008-02-05,77.35041666666666,279.3758,1.4301067e-07
2008-02-06,87.946,279.8568,1.4015166e-07
2008-02-12,1948.8,280.4512,2.7679593e-07
2008-02-13,1701.416666666667,280.74667,2.570066e-07
2008-02-14,1799.25,279.13516,3.1802890000000003e-07
2008-02-15,947.5291666666667,276.88873,2.3570438e-07
2008-02-16,1024.7375000000004,278.4125,1.8808392e-07
2008-02-17,2028.025,277.33185,2.1535758999999998e-07
2008-02-18,2097.25,275.9151,2.3260495000000001e-07
2008-02-19,2236.913043478261,277.68677,2.8448264e-07
2008-02-20,543.0345833333333,279.9142,1.9221488000000002e-07
2008-02-21,115.87749999999998,282.37622000000005,1.3301864000000003e-07
2008-02-22,307.61583333333334,282.57465,1.3575426e-07
2008-02-23,113.38499999999998,282.06247,1.2957231e-07
2008-02-24,58.42458333333333,280.36356,1.4149977e-07
2008-02-25,99.39666666666665,281.33437999999995,1.418985e-07
2008-02-26,96.43208333333332,280.70135,1.3809543e-07
2008-02-27,55.68791666666666,280.295,1.3666155e-07
2008-02-28,36.87375,280.2885,1.383635e-07
2008-02-29,112.55166666666666,282.0161,1.2843776e-07
2008-03-01,130.9629166666667,281.35602,1.3162722e-07
2008-03-02,120.84499999999996,279.3116,1.3368106e-07
2008-03-03,63.04583333333333,276.45312,1.3848891e-07
2008-03-04,77.5175,279.57842999999997,1.4810928e-07
2008-03-05,155.3,280.73123,1.3952408999999998e-07
2008-03-06,109.45375,281.82385,1.4197286e-07
2008-03-07,85.87166666666667,279.78937,1.3689261e-07
2008-03-08,125.95291666666668,280.55563,1.3460922e-07
2008-03-09,89.41874999999997,278.2967,1.375884e-07
2008-03-10,178.13125,278.91376,1.3759339000000002e-07
2008-03-11,169.78916666666666,279.22272000000004,1.3191496e-07
2008-03-12,114.70375,278.8263,1.3516114e-07
2008-03-13,85.59083333333334,280.22205,1.3661142000000002e-07
2008-03-14,143.749,279.4132,1.4472305e-07
2008-03-18,619.2666666666668,277.75104,1.6523873000000001e-07
2008-03-19,148.5283333333333,278.61258,1.531836e-07
2008-03-20,234.00333333333333,281.03073,1.4244299e-07
2008-03-21,83.42958333333331,279.61496,1.3958746e-07
2008-03-22,72.30666666666667,277.8296,1.4571322e-07
2008-03-23,98.84499999999998,279.22244,1.4170895000000002e-07
2008-03-24,62.40333333333333,280.5147,1.3248857000000002e-07
2008-03-25,75.8108333333333,279.86084,1.3222251000000003e-07
2008-03-26,62.27157894736842,278.90002000000004,1.3777463e-07
2008-03-27,130.13333333333333,279.05133,1.4441788e-07
2008-03-28,73.31708333333334,280.14346,1.402754e-07
2008-03-29,229.86541666666668,279.60626,1.5161489999999998e-07
2008-03-30,118.37541666666668,280.02142000000003,1.5648047e-07
2008-03-31,108.94,280.75802999999996,1.6285765e-07
2008-04-01,134.67458333333335,282.38867,1.6469164000000002e-07
2008-04-02,229.61250000000004,282.46924,1.2657705e-07
2008-04-03,228.7875,281.90063,1.2846888e-07
2008-04-04,121.74916666666668,281.54016,1.2151467e-07
2008-04-05,86.19583333333334,279.1991,1.5467205e-07
2008-04-06,63.75000000000001,277.21752999999995,1.5697766e-07
2008-04-07,78.90928571428572,276.88748,1.5617556e-07
2008-04-08,110.79541666666668,279.00262000000004,1.6345297e-07
2008-04-09,60.58041666666667,279.41977,1.4779434e-07
2008-04-10,60.26458333333333,277.9185,1.44528e-07
2008-04-11,62.01583333333335,278.1253,1.4561466e-07
2008-04-12,72.46625,279.30602999999996,1.5216511e-07
2008-04-13,261.43333333333334,280.15448,1.5988812e-07
2008-04-14,81.22416666666669,279.95056,1.5812701e-07
2008-04-15,264.8695833333333,280.3593,1.5737724e-07
2008-04-16,796.1958333333333,281.25818,1.5948348999999998e-07
2008-04-17,909.7958333333336,279.9612,1.7532597e-07
2008-04-18,678.3458333333333,279.82526,1.6523902e-07
2008-04-19,748.5208333333331,280.52737,1.6604780999999998e-07
2008-04-20,759.0208333333335,281.04202000000004,1.7338061e-07
2008-04-21,1370.6307692307696,281.7572,1.8014596999999997e-07
2008-04-23,79.61666666666666,282.60406,1.36003e-07
2008-04-24,80.63565217391304,281.60242,1.3805807999999998e-07
2008-04-25,151.80583333333337,283.06677,1.1888178e-07
2008-04-26,79.19125,283.02844,1.2170418e-07
2008-04-27,47.95625,281.37827000000004,1.3941633e-07
2008-04-28,43.13999999999999,281.0226,1.3787462e-07
2008-04-29,112.79708333333332,281.04004,1.4461081e-07
2008-04-30,60.87916666666667,280.41003,1.3931543e-07
2008-05-01,32.0125,280.7831,1.4299134999999999e-07
2008-05-08,1094.375,286.8287,1.8244528e-07
2008-05-09,140.05916666666667,282.44757000000004,1.3369370000000003e-07
2008-05-10,362.40833333333336,282.2034,1.280126e-07
2008-05-11,433.79999999999984,283.69237999999996,1.3720891e-07
2008-05-12,1532.395238095238,285.30478,1.8676428e-07
2008-05-13,1793.5,287.135,1.7092111e-07
2008-05-14,1194.1833333333334,285.70566,1.5320899e-07
2008-05-15,1119.5833333333333,284.64905,1.560503e-07
2008-05-16,1219.4708333333335,284.20703,1.5985310000000001e-07
2008-05-17,1011.2208333333334,284.04727,1.4842482999999997e-07
2008-05-18,632.8624999999997,284.24078,1.3868106e-07
2008-05-19,854.0999999999998,283.87827000000004,1.4223299e-07
2008-05-20,1008.0166666666668,283.94955,1.42702e-07
2008-05-21,1605.791666666667,284.05062999999996,1.4554573000000002e-07
2008-05-22,389.61666666666673,284.45142000000004,1.2602023e-07
2008-05-23,648.3833333333333,284.52844,1.1814425999999999e-07
2008-05-24,1609.875,285.44586,1.5037915e-07
2008-05-25,1019.6541666666666,284.88165,1.3650151e-07
2008-05-26,1166.4291666666666,285.32074,1.3714804999999997e-07
2008-05-27,752.8291666666668,284.8219,1.4179507000000002e-07
2008-05-28,642.7875,284.28107,1.5663747e-07
2008-05-29,691.2083333333335,284.59955,1.4382374e-07
2008-05-30,923.9666666666666,285.06958,1.4671465e-07
2008-05-31,1012.3041666666667,284.8612,1.5007527e-07
2008-06-01,988.1124999999997,284.77155,1.4506826999999999e-07
2008-06-02,652.7075,283.99078,1.3235766e-07
2008-06-03,130.10125000000002,283.98502,1.2213165e-07
2008-06-04,136.16249999999994,283.81482,1.2107583e-07
2008-06-05,146.77499999999995,283.27106000000003,1.0942497e-07
2008-06-06,195.1,283.32468,1.1221822999999999e-07
2008-06-07,259.07916666666665,283.95642000000004,1.1953571e-07
2008-06-08,213.3,285.14917,9.4033126e-08
2008-06-09,229.62916666666663,284.67786,8.301399e-08
2008-06-10,292.07916666666665,284.61856,1.1072647999999999e-07
