date,t,co,no,no2,so2,c10h16,c5h8
2012-01-01,245.79486,1.2885714e-07,9.999995e-26,6.240049e-12,4.733725e-10,9.9999965e-26,9.999993e-26
2012-01-02,245.75061,1.3105752e-07,9.999993e-26,3.676485e-12,5.8605915e-10,9.999994e-26,9.999995e-26
2012-01-03,244.9211,1.2965577e-07,9.999995e-26,7.8054e-12,6.253428e-10,9.999995e-26,9.999995e-26
2012-01-04,244.8642,1.3192883e-07,9.9999903e-26,7.473628e-12,6.539571e-10,9.999998e-26,9.999995e-26
2012-01-05,245.09401,1.2500965e-07,9.999993e-26,5.362592e-11,3.1361028e-10,9.999995e-26,9.999995e-26
2012-01-06,242.6297,1.1850578e-07,9.9999903e-26,2.0085678e-11,2.1542557e-10,9.999993e-26,9.999995e-26
2012-01-07,239.26505,1.1340684e-07,9.9999903e-26,2.3846512e-11,1.2995717e-10,9.999995e-26,9.999993e-26
2012-01-08,239.7482,1.12393636e-07,9.999995e-26,1.4062334e-11,1.1921321e-10,9.999995e-26,9.999993e-26
2012-01-09,240.58336,1.13606404e-07,9.999988e-26,1.9077647e-12,1.34547e-10,9.999995e-26,9.999993e-26
2012-01-10,242.66188,1.15025564e-07,9.999993e-26,1.562199e-12,1.6710133e-10,9.999995e-26,9.9999965e-26
2012-01-11,245.6336,1.1851424e-07,9.999993e-26,6.298344e-11,1.4495083e-10,9.999993e-26,9.999993e-26
2012-01-12,241.43292,1.1433885e-07,9.999993e-26,7.051826e-11,1.255466e-10,9.9999965e-26,9.999994e-26
2012-01-13,240.94243,1.16201946e-07,9.999993e-26,5.2906494e-12,1.283058e-10,9.999993e-26,9.999993e-26
2012-01-14,243.99496,1.1903218e-07,9.999993e-26,3.4035793e-12,1.3097778e-10,9.999995e-26,9.999993e-26
2012-01-15,244.65572,1.2223143e-07,9.999995e-26,3.4584167e-12,1.5398267e-10,9.999995e-26,9.9999903e-26
2012-01-16,244.79428,1.2305773e-07,9.999993e-26,1.1997735e-12,1.4105864e-10,9.999995e-26,9.999993e-26
2012-01-17,242.10338,1.2249066e-07,9.999993e-26,7.599989e-12,1.0055598e-10,9.999995e-26,9.999993e-26
2012-01-18,244.83992,1.182446e-07,9.9999903e-26,3.421229e-12,1.2222033e-10,9.9999903e-26,9.999995e-26
2012-01-19,247.73862,1.161024e-07,9.999993e-26,6.379748e-11,9.4985866e-11,9.999993e-26,9.999995e-26
2012-01-20,246.35197,1.1533966e-07,9.999995e-26,4.265849e-11,1.0479617e-10,9.999995e-26,9.999993e-26
2012-01-21,244.37361,1.1446822e-07,9.9999903e-26,3.825712e-12,1.05491706e-10,9.999995e-26,9.999995e-26
2012-01-22,243.66202,1.136886e-07,9.9999903e-26,2.8380303e-11,1.1010914e-10,9.999995e-26,9.999995e-26
2012-01-23,240.41324,1.1130116e-07,9.999993e-26,2.6711425e-11,1.01378635e-10,9.999995e-26,9.999993e-26
2012-01-24,241.64326,1.13226285e-07,9.999993e-26,1.0516648e-11,1.03794154e-10,9.999995e-26,9.999993e-26
2012-01-25,242.54689,1.15642365e-07,9.999993e-26,7.672676e-12,2.5822594e-10,9.999995e-26,9.999995e-26
2012-01-26,238.35469,1.1527033e-07,9.999995e-26,1.7692238e-11,2.8023792e-10,9.9999903e-26,9.999995e-26
2012-01-27,237.14127,1.16524944e-07,9.9999903e-26,9.828147e-12,2.5664137e-10,9.9999965e-26,9.999995e-26
2012-01-28,238.02248,1.187948e-07,9.999988e-26,5.130766e-12,2.7215352e-10,9.999993e-26,9.999994e-26
2012-01-29,237.44269,1.177389e-07,9.9999903e-26,2.4707493e-12,2.2564497e-10,9.9999903e-26,9.999993e-26
2012-01-30,237.27234,1.1817151e-07,9.9999903e-26,7.239099e-12,1.5271186e-10,9.999993e-26,9.999995e-26
2012-01-31,236.54536,1.1664824e-07,9.999995e-26,1.4970348e-11,1.699878e-10,9.999993e-26,9.999993e-26
2012-02-01,238.33174,1.1779029e-07,9.9999903e-26,3.5752963e-12,1.8535265e-10,9.9999965e-26,9.999993e-26
2012-02-02,238.58812,1.1719635e-07,9.999993e-26,5.4240883e-12,1.3301411e-10,9.999993e-26,9.999995e-26
2012-02-03,241.32275,1.1545847e-07,9.9999903e-26,2.7149071e-11,1.6115598e-10,9.999995e-26,9.999995e-26
2012-02-04,242.28499,1.1494956e-07,9.999995e-26,7.632672e-12,2.587675e-10,9.999995e-26,9.999993e-26
2012-02-05,240.71716,1.1692884e-07,9.999993e-26,3.5645098e-12,2.1676289e-10,9.999995e-26,9.999993e-26
2012-02-06,239.07265,1.1800694e-07,9.999995e-26,3.6450313e-12,1.796786e-10,9.999993e-26,9.9999903e-26
2012-02-07,241.9743,1.1863609e-07,9.9999903e-26,5.6554006e-12,1.7663668e-10,9.999993e-26,9.999993e-26
2012-02-08,244.61633,1.1980615e-07,9.999993e-26,3.191855e-12,1.7451587e-10,9.999995e-26,9.999995e-26
2012-02-09,247.36865,1.1978065e-07,9.999993e-26,1.3312503e-12,1.7428536e-10,9.999995e-26,9.999993e-26
2012-02-10,247.66888,1.2101336e-07,9.999995e-26,4.8870786e-12,1.314201e-10,9.999995e-26,9.999993e-26
2012-02-11,248.7887,1.2038927e-07,9.999993e-26,1.8459687e-11,1.1894047e-10,9.9999965e-26,9.999995e-26
2012-02-12,244.12064,1.2482937e-07,9.999995e-26,1.13688815e-11,2.689809e-10,9.999995e-26,9.999995e-26
2012-02-13,239.99443,1.2564178e-07,9.999988e-26,1.3743214e-11,2.61139e-10,9.999995e-26,9.9999903e-26
2012-02-14,241.15681,1.2234389e-07,9.999995e-26,5.123592e-11,2.148366e-10,9.999995e-26,9.999995e-26
2012-02-15,241.6234,1.2285683e-07,9.999993e-26,1.7438051e-11,2.0144844e-10,9.999995e-26,9.999993e-26
2012-02-16,243.6094,1.2190836e-07,9.9999903e-26,1.9647972e-12,1.6581105e-10,9.999993e-26,9.999995e-26
2012-02-17,243.38824,1.2014002e-07,9.999995e-26,2.2152345e-12,1.54716e-10,9.999997e-26,9.999995e-26
2012-02-18,244.68877,1.2421995e-07,9.999995e-26,6.94896e-12,1.6278959e-10,9.999995e-26,9.999995e-26
2012-02-19,244.01245,1.3230677e-07,9.999993e-26,8.213949e-12,2.5590383e-10,9.999995e-26,9.999995e-26
2012-02-20,240.51508,1.327249e-07,9.999993e-26,5.2385704e-12,2.072873e-10,9.999993e-26,9.9999965e-26
2012-02-21,244.26865,1.2751987e-07,9.999993e-26,4.2808344e-12,1.7611562e-10,9.999994e-26,9.999993e-26
2012-02-22,247.83565,1.340681e-07,9.999993e-26,4.6665666e-12,2.0485494e-10,9.9999965e-26,9.999993e-26
2012-02-23,246.20253,1.3682403e-07,9.9999903e-26,1.0764698e-11,3.7514042e-10,9.999993e-26,9.999993e-26
2012-02-24,244.15242,1.3322094e-07,9.999995e-26,4.5855836e-12,2.9836034e-10,9.9999965e-26,9.999993e-26
2012-02-25,244.1492,1.2506487e-07,9.999995e-26,2.911839e-11,1.3416114e-10,9.999995e-26,9.999995e-26
2012-02-26,239.8829,1.2499882e-07,9.999993e-26,1.09353665e-10,1.0695365e-10,9.999995e-26,9.999993e-26
2012-02-27,237.51633,1.2737885e-07,9.999993e-26,5.6264524e-11,1.4333773e-10,9.999995e-26,9.999993e-26
2012-02-28,238.63069,1.2564864e-07,9.999993e-26,6.439759e-12,1.0995722e-10,9.999991e-26,9.999995e-26
2012-02-29,243.75378,1.2946992e-07,9.9999903e-26,5.381187e-12,1.4094348e-10,9.999996e-26,9.999993e-26
2012-03-01,243.77655,1.3456463e-07,9.999993e-26,4.211154e-12,1.3769778e-10,9.999993e-26,9.999993e-26
2012-03-02,241.69646,1.3083897e-07,9.999993e-26,3.481413e-12,1.2017412e-10,9.999995e-26,9.9999903e-26
2012-03-03,239.6534,1.2776074e-07,9.999995e-26,1.5635985e-12,1.2337574e-10,9.999993e-26,9.999993e-26
2012-03-04,234.52567,1.2514616e-07,9.999995e-26,3.4420702e-12,1.1192355e-10,9.9999965e-26,9.999993e-26
2012-03-05,237.8529,1.2653331e-07,9.999995e-26,3.827821e-12,9.4114355e-11,9.999995e-26,9.999995e-26
2012-03-06,242.46036,1.2561661e-07,9.999995e-26,9.062186e-11,7.318515e-11,9.999988e-26,9.999995e-26
2012-03-07,238.53616,1.2542051e-07,9.999993e-26,1.3329463e-10,7.3901586e-11,9.999994e-26,9.999993e-26
2012-03-08,241.7685,1.2619313e-07,9.9999903e-26,4.8038174e-11,7.289516e-11,9.999995e-26,9.999993e-26
2012-03-09,247.22626,1.2841349e-07,9.999993e-26,4.596892e-11,5.1339474e-11,9.999993e-26,9.999995e-26
2012-03-10,244.0933,1.2826038e-07,9.999993e-26,1.0076257e-10,5.167328e-11,9.999995e-26,9.999993e-26
2012-03-11,242.2388,1.2953384e-07,9.999993e-26,8.230301e-11,4.0093536e-11,9.9999965e-26,9.9999903e-26
2012-03-12,243.22461,1.2865189e-07,6.192934e-15,1.5445986e-10,5.169679e-11,9.999993e-26,9.999994e-26
2012-03-13,240.06754,1.2810703e-07,9.999988e-26,7.450865e-11,5.1398635e-11,9.999995e-26,9.999995e-26
2012-03-14,241.35815,1.2776029e-07,1.3508466e-14,1.2437242e-11,6.6855035e-11,9.999993e-26,9.999995e-26
2012-03-15,246.1547,1.2807007e-07,2.3260742e-12,8.328252e-11,5.899669e-11,9.999996e-26,9.999993e-26
2012-03-16,244.51149,1.2830715e-07,3.6572685e-12,1.2251566e-10,5.0227156e-11,9.999998e-26,9.9999903e-26
2012-03-17,246.54208,1.2891493e-07,1.2005465e-12,6.161644e-11,6.2481395e-11,9.9999965e-26,9.999995e-26
2012-03-18,245.90779,1.2885755e-07,1.4839886e-13,1.2617353e-11,8.1141906e-11,9.999995e-26,9.9999903e-26
2012-03-19,244.35725,1.2741867e-07,7.790283e-14,3.982821e-12,5.682331e-11,9.999995e-26,9.999993e-26
2012-03-20,247.09888,1.2880083e-07,2.7426146e-13,5.9415146e-12,7.293601e-11,9.999993e-26,9.9999903e-26
2012-03-21,245.39825,1.3167954e-07,3.8689166e-13,1.2149841e-11,1.11574985e-10,9.999995e-26,9.999993e-26
2012-03-22,245.72478,1.343548e-07,3.773621e-13,1.7803651e-11,1.6703441e-10,9.999993e-26,9.999995e-26
2012-03-23,245.81001,1.3252259e-07,3.936896e-13,1.545555e-11,1.2902054e-10,9.999995e-26,9.9999965e-26
2012-03-24,245.13922,1.3176981e-07,2.6673919e-13,9.59e-12,1.1084014e-10,9.9999965e-26,9.999995e-26
2012-03-25,244.23526,1.3027915e-07,2.258626e-13,5.3062533e-12,8.9866364e-11,9.9999965e-26,9.999995e-26
2012-03-26,244.81671,1.291586e-07,2.2975702e-13,4.7678207e-12,6.6829084e-11,9.999996e-26,9.999995e-26
2012-03-27,243.51921,1.269251e-07,1.6810975e-13,2.3591433e-12,3.7145446e-11,9.999995e-26,9.999995e-26
2012-03-28,242.57182,1.2455979e-07,4.253437e-12,2.5638687e-11,1.3155972e-11,9.999995e-26,9.999995e-26
2012-03-29,242.42044,1.2467844e-07,3.264144e-12,4.6325804e-11,2.5382323e-11,9.999993e-26,9.999993e-26
2012-03-30,242.56018,1.2536125e-07,4.836408e-12,3.5769675e-11,3.182347e-11,9.999995e-26,9.999995e-26
2012-03-31,246.68301,1.2631747e-07,1.1664575e-11,1.1509092e-10,3.9268533e-11,9.9999965e-26,9.999995e-26
2012-04-01,254.13701,1.277455e-07,6.6795345e-12,1.1947861e-10,1.3419187e-10,9.999995e-26,9.999995e-26
2012-04-02,252.04626,1.2635213e-07,8.7739695e-13,4.152462e-11,1.1632164e-10,9.999995e-26,9.999995e-26
2012-04-03,247.51884,1.2437394e-07,1.4631677e-13,3.7391e-12,6.495067e-11,9.999995e-26,9.999993e-26
2012-04-04,250.42041,1.2677643e-07,2.0626625e-13,2.0190175e-12,6.5011024e-11,9.999995e-26,9.999995e-26
2012-04-05,249.59518,1.3041365e-07,3.245989e-13,2.8810413e-12,7.373949e-11,9.9999903e-26,9.999995e-26
2012-04-06,249.63649,1.2854363e-07,2.9887488e-13,3.2037404e-12,6.194749e-11,9.999995e-26,9.999993e-26
2012-04-07,248.30003,1.2876338e-07,3.0197763e-13,3.5954835e-12,3.6006087e-11,9.999995e-26,9.999995e-26
2012-04-08,246.65924,1.2928312e-07,2.1751824e-13,2.3106554e-12,2.5181825e-11,9.999995e-26,9.999993e-26
2012-04-09,248.2638,1.2797175e-07,2.2694453e-13,2.725568e-12,2.8690461e-11,9.999995e-26,9.999988e-26
2012-04-10,249.1276,1.2749845e-07,7.2366657e-13,5.20073e-12,3.4338435e-11,9.999995e-26,9.999993e-26
2012-04-11,250.77133,1.3089817e-07,7.539968e-13,7.180161e-12,2.8046567e-11,9.999993e-26,9.999993e-26
2012-04-12,251.67642,1.3108922e-07,1.1054369e-12,9.410059e-12,4.9598145e-11,9.999995e-26,9.9999903e-26
2012-04-13,252.57178,1.2946995e-07,8.1229614e-13,7.674778e-12,5.3755896e-11,9.9999934e-26,9.999995e-26
2012-04-14,254.2524,1.3199744e-07,4.4495787e-13,4.2589e-12,4.498862e-11,9.999993e-26,9.999995e-26
2012-04-15,255.59058,1.3034663e-07,5.246161e-13,3.8193576e-12,6.9238594e-11,9.9999965e-26,9.999993e-26
2012-04-16,257.24792,1.3209932e-07,9.004541e-13,6.8001793e-12,7.881409e-11,9.999995e-26,9.999995e-26
2012-04-17,257.13983,1.2790154e-07,1.4700103e-12,1.1080349e-11,2.917284e-11,9.999995e-26,9.999993e-26
2012-04-18,254.91649,1.2854302e-07,2.4492112e-12,2.5138345e-11,3.800525e-11,9.999994e-26,9.9999903e-26
2012-04-19,252.7113,1.3125761e-07,2.1188452e-12,1.2980495e-11,4.5089592e-11,9.9999965e-26,9.9999903e-26
2012-04-20,252.3022,1.2761578e-07,1.8346347e-12,1.1583562e-11,6.6301964e-11,9.9999965e-26,9.999995e-26
2012-04-21,253.68457,1.294444e-07,1.1310729e-12,6.0323677e-12,4.197539e-11,9.999993e-26,9.9999903e-26
2012-04-22,254.76468,1.3535397e-07,2.4183912e-12,1.4047803e-11,3.150339e-11,9.999993e-26,9.999995e-26
2012-04-23,256.49933,1.3404511e-07,5.9454555e-12,4.212954e-11,1.5679328e-11,9.999995e-26,9.9999903e-26
2012-04-24,256.99542,1.2970487e-07,1.3627367e-11,9.411856e-11,1.5393326e-11,9.999995e-26,9.999995e-26
2012-04-25,256.50125,1.3380645e-07,9.579625e-12,6.4596814e-11,1.6583394e-11,9.999995e-26,9.999995e-26
2012-04-26,256.1093,1.2863278e-07,7.3554045e-12,6.2158854e-11,1.5588593e-11,9.999995e-26,9.999993e-26
2012-04-27,253.39575,1.3482834e-07,3.3821993e-12,2.8564847e-11,3.420811e-11,9.999998e-26,9.999988e-26
2012-04-28,254.27333,1.352712e-07,2.1684603e-12,1.7954622e-11,4.3175425e-11,9.999995e-26,9.999993e-26
2012-04-29,256.827,1.386254e-07,2.2403852e-12,1.1507242e-11,3.831196e-11,9.999995e-26,9.999995e-26
2012-04-30,256.99698,1.3387073e-07,3.7557804e-12,1.7625129e-11,2.716644e-11,9.999995e-26,9.9999965e-26
2012-05-01,258.17178,1.3156858e-07,1.0374502e-11,3.7559143e-11,1.3665067e-11,9.999995e-26,9.999995e-26
2012-05-02,258.4738,1.3508806e-07,1.8786106e-11,9.970702e-11,5.192605e-12,9.9999965e-26,9.999988e-26
2012-05-03,259.616,1.3070243e-07,1.1438583e-11,4.9875926e-11,5.1886403e-12,9.9999965e-26,9.999993e-26
2012-05-04,260.7427,1.259485e-07,8.895849e-12,4.101713e-11,5.8550088e-12,9.999995e-26,9.999995e-26
2012-05-05,265.1548,1.213306e-07,2.2753053e-11,8.5867466e-11,1.0538656e-11,9.999998e-26,9.999993e-26
2012-05-06,264.6146,1.2193547e-07,2.003351e-11,1.01373764e-10,3.5343097e-11,9.999995e-26,9.999995e-26
2012-05-07,260.9594,1.2426517e-07,9.335393e-12,6.6750175e-11,6.129694e-11,9.999995e-26,9.999995e-26
2012-05-08,258.78546,1.2850892e-07,5.641015e-12,2.4686708e-11,3.2972382e-11,9.999995e-26,9.999995e-26
2012-05-09,262.33655,1.3473556e-07,4.55094e-12,2.6837744e-11,1.7809693e-11,9.999995e-26,9.999995e-26
2012-05-10,263.29218,1.3935416e-07,6.292368e-12,2.2166604e-11,2.305306e-11,9.999993e-26,9.999993e-26
2012-05-11,261.6789,1.3590217e-07,1.756746e-11,5.683503e-11,2.6634368e-11,9.9999965e-26,9.999995e-26
2012-05-12,261.6917,1.3860233e-07,2.2818296e-11,9.47821e-11,4.2414973e-12,9.9999965e-26,9.9999903e-26
2012-05-13,261.11438,1.3600771e-07,2.067074e-11,8.368658e-11,6.312734e-12,9.999993e-26,9.999995e-26
2012-05-14,263.30576,1.3579489e-07,6.260286e-12,2.6406459e-11,3.3968666e-12,9.999993e-26,9.999993e-26
2012-05-15,261.63623,1.3445386e-07,1.1892987e-11,5.036706e-11,6.0915743e-12,9.9999965e-26,9.9999903e-26
2012-05-16,260.69934,1.2783835e-07,1.0719111e-11,4.3834443e-11,1.0323625e-11,9.999995e-26,9.999995e-26
2012-05-17,260.82773,1.261963e-07,1.2410174e-11,4.2381883e-11,1.9831563e-11,9.999993e-26,9.999993e-26
2012-05-18,262.35544,1.2654209e-07,2.3169031e-11,7.824987e-11,8.545261e-11,9.999995e-26,9.9999903e-26
2012-05-19,263.64304,1.2592005e-07,1.4310899e-11,6.702624e-11,2.3451704e-11,9.999995e-26,9.999995e-26
2012-05-20,263.84802,1.2612956e-07,1.0722655e-11,5.161084e-11,9.747602e-12,9.999993e-26,9.999995e-26
2012-05-21,264.8786,1.2410584e-07,1.0858478e-11,4.238245e-11,1.6909045e-11,9.999995e-26,9.999993e-26
2012-05-22,264.9637,1.2173808e-07,8.252691e-12,3.790169e-11,6.8413465e-12,9.999993e-26,9.999995e-26
2012-05-23,266.17712,1.1893685e-07,6.8099432e-12,3.3295443e-11,2.2657008e-11,9.9999903e-26,9.999993e-26
2012-05-24,268.95276,1.17837e-07,6.4429746e-12,2.3506868e-11,2.5311387e-11,9.999993e-26,9.999995e-26
2012-05-25,270.32477,1.1538219e-07,5.719783e-12,2.0209813e-11,2.777209e-11,9.999995e-26,9.999995e-26
2012-05-26,270.75058,1.14524425e-07,5.8074916e-12,2.1327603e-11,2.6108034e-11,9.999993e-26,9.999995e-26
2012-05-27,271.0209,1.1285225e-07,1.0704903e-11,4.3591256e-11,3.0991383e-11,9.999995e-26,9.999995e-26
2012-05-28,272.82745,1.1427139e-07,1.019943e-11,3.3283397e-11,3.2207795e-11,9.999993e-26,9.999995e-26
2012-05-29,272.44226,1.12397345e-07,6.8309954e-12,2.7866692e-11,2.3932441e-11,9.999993e-26,9.999995e-26
2012-05-30,273.7213,1.0837698e-07,7.306871e-12,2.68138e-11,1.5552632e-11,9.999995e-26,9.999995e-26
2012-05-31,276.24173,1.0401253e-07,1.37190285e-11,4.9624752e-11,1.525149e-11,9.9999903e-26,9.999995e-26
2012-06-01,274.49426,1.05502295e-07,1.3390026e-11,7.0682765e-11,1.7304415e-11,9.999995e-26,9.999995e-26
2012-06-02,273.6986,1.05696756e-07,1.02005245e-11,3.7143892e-11,3.4995947e-11,9.9999965e-26,9.999995e-26
2012-06-03,273.10712,1.03370695e-07,8.001282e-12,2.8154177e-11,2.3103892e-11,9.999993e-26,9.999995e-26
2012-06-04,275.43256,9.5870476e-08,8.769956e-12,2.7927176e-11,6.120522e-11,9.999993e-26,9.9999903e-26
2012-06-05,273.22302,9.715373e-08,1.10387645e-11,4.172973e-11,1.950167e-11,9.999994e-26,9.9999903e-26
2012-06-06,272.50385,1.0214104e-07,8.411011e-12,3.9816248e-11,4.320666e-12,9.999993e-26,9.9999965e-26
2012-06-07,272.6074,1.03883316e-07,6.888868e-12,3.5512884e-11,1.4536008e-11,9.999995e-26,9.999995e-26
2012-06-08,272.08997,1.0598601e-07,6.3932787e-12,3.046533e-11,1.9318623e-11,9.999993e-26,9.999994e-26
2012-06-09,273.68018,1.0505566e-07,8.941148e-12,2.9387e-11,3.9899094e-11,9.999995e-26,9.999995e-26
2012-06-10,276.50037,1.02702934e-07,1.0699533e-11,2.6999963e-11,5.858681e-11,9.999993e-26,9.999993e-26
2012-06-11,276.50015,9.8662525e-08,7.443099e-12,2.8172239e-11,6.5795674e-11,9.999993e-26,9.999993e-26
2012-06-12,275.80365,9.5533935e-08,4.4060827e-12,2.2138104e-11,6.0834074e-11,9.9999934e-26,9.999995e-26
2012-06-13,276.59283,9.3664916e-08,4.540112e-12,2.6761607e-11,6.05154e-11,9.999995e-26,9.999995e-26
2012-06-14,278.80704,9.027953e-08,8.738314e-12,5.4318806e-11,3.5704377e-11,9.9999965e-26,9.999995e-26
2012-06-15,279.1162,8.892352e-08,7.73215e-12,5.501909e-11,2.6057009e-11,9.999995e-26,9.999993e-26
2012-06-16,278.12195,9.1619995e-08,7.211219e-12,4.7250526e-11,3.4680522e-11,9.999995e-26,9.9999903e-26
2012-06-17,277.49905,9.029377e-08,6.296401e-12,4.9165078e-11,3.675605e-11,9.9999965e-26,9.999993e-26
2012-06-18,277.99338,9.1825775e-08,5.095373e-12,4.3736806e-11,4.114941e-11,9.999995e-26,9.999995e-26
2012-06-19,276.43393,8.9519446e-08,6.150064e-12,3.5335023e-11,1.7633638e-11,9.999993e-26,9.999993e-26
2012-06-20,276.19275,8.987064e-08,4.657672e-12,3.9937147e-11,1.712882e-11,9.999995e-26,9.999995e-26
2012-06-21,278.11063,1.1207247e-07,6.665659e-12,8.058201e-11,3.2165135e-11,5.065675e-15,1.3508466e-14
2012-06-22,278.17194,1.1064434e-07,9.833858e-12,7.2211126e-11,5.6732976e-11,8.53059e-15,4.05254e-14
2012-06-23,277.9161,9.678529e-08,5.8085195e-12,4.238268e-11,3.855886e-11,6.894558e-15,1.3017406e-13
2012-06-24,277.74255,9.550804e-08,3.8869524e-12,4.024232e-11,3.947797e-11,2.8064944e-16,3.3209868e-14
2012-06-25,277.9778,9.779991e-08,3.7580594e-12,5.131303e-11,1.9711099e-11,9.999996e-26,9.999995e-26
2012-06-26,278.2712,9.809839e-08,3.7307184e-12,4.7528877e-11,2.0077578e-11,1.5482335e-15,1.2385868e-14
2012-06-27,279.91058,1.0074676e-07,6.379537e-12,8.196212e-11,2.240754e-11,9.999993e-26,1.8578802e-14
2012-06-28,280.1991,1.08247335e-07,2.9460863e-12,6.5302264e-11,1.3461708e-11,9.999995e-26,9.999995e-26
2012-06-29,280.24496,1.1111426e-07,3.911361e-12,5.5057143e-11,2.691628e-11,9.999993e-26,9.999993e-26
2012-06-30,278.548,9.897626e-08,3.2737886e-12,2.4556426e-11,2.630908e-11,9.999995e-26,9.999995e-26
2012-07-01,277.20297,9.529803e-08,2.3340331e-12,1.846866e-11,2.693007e-11,9.999995e-26,9.999995e-26
2012-07-02,275.3478,1.0443042e-07,3.6172528e-12,2.917919e-11,2.979459e-11,9.9999965e-26,9.999995e-26
2012-07-03,274.56403,1.0395465e-07,3.909094e-12,2.4471172e-11,3.0010827e-11,9.999995e-26,9.999993e-26
2012-07-04,274.01685,9.6653096e-08,4.0874773e-12,2.6832314e-11,1.1649178e-11,9.999993e-26,9.999993e-26
2012-07-05,275.60065,9.7838026e-08,4.6022955e-12,2.1611476e-11,2.0989958e-11,9.9999965e-26,9.999995e-26
2012-07-06,276.31793,1.00655996e-07,3.959631e-12,2.183523e-11,1.7892212e-11,9.999995e-26,9.999995e-26
2012-07-07,274.908,9.712622e-08,4.0941603e-12,2.7929747e-11,1.4501074e-11,9.999995e-26,9.999993e-26
2012-07-08,278.7526,9.1434465e-08,5.0675766e-12,3.6121217e-11,2.2387437e-11,9.999995e-26,9.999995e-26
2012-07-09,277.5404,9.197664e-08,4.339366e-12,2.5566433e-11,1.848182e-11,9.999995e-26,9.999995e-26
2012-07-10,277.3989,9.503827e-08,3.6415927e-12,1.732594e-11,2.114559e-11,9.999996e-26,9.9999903e-26
2012-07-11,281.98602,9.333534e-08,5.224219e-12,4.9287414e-11,3.5838835e-11,9.9999965e-26,9.999995e-26
2012-07-12,280.65564,9.28876e-08,4.849246e-12,5.120402e-11,2.827918e-11,9.999993e-26,9.9999903e-26
2012-07-13,282.07037,9.185291e-08,1.1709693e-11,6.9606e-11,2.193028e-11,8.021817e-15,9.119147e-14
2012-07-14,281.28683,9.141705e-08,5.918046e-12,6.678177e-11,4.5504225e-11,9.999995e-26,1.2385868e-14
2012-07-15,279.3168,9.69866e-08,3.1298612e-12,4.7401028e-11,2.5902516e-11,9.999995e-26,9.9999903e-26
2012-07-16,277.76523,9.968997e-08,2.0800805e-12,1.3423233e-11,6.0349996e-11,9.999995e-26,9.999993e-26
2012-07-17,282.17358,9.716792e-08,7.948501e-12,5.237038e-11,5.8811234e-11,9.999995e-26,9.999993e-26
2012-07-18,282.39246,9.958127e-08,1.0133024e-11,7.725813e-11,7.01718e-11,1.5482335e-15,6.192934e-15
2012-07-19,283.6576,1.0437775e-07,1.2107497e-11,8.077762e-11,6.78705e-11,9.999995e-26,1.2385868e-14
2012-07-20,283.37677,1.029961e-07,8.806778e-12,5.877642e-11,7.336341e-11,9.999995e-26,9.999995e-26
2012-07-21,278.67987,9.963181e-08,4.9608408e-12,3.8507073e-11,3.9010642e-11,9.999993e-26,9.999993e-26
2012-07-22,275.7697,9.767312e-08,1.8078401e-12,1.3368335e-11,2.718848e-11,9.999995e-26,9.9999903e-26
2012-07-23,276.72052,9.7408126e-08,1.885447e-12,1.5015506e-11,3.071318e-11,9.999993e-26,9.999993e-26
2012-07-24,276.67072,9.678824e-08,3.0055793e-12,1.5199278e-11,4.151255e-11,9.999995e-26,9.999995e-26
2012-07-25,276.01788,9.547404e-08,3.1934015e-12,1.946059e-11,2.5164697e-11,9.9999965e-26,9.9999965e-26
2012-07-26,279.85455,9.9178926e-08,8.26345e-12,3.7609957e-11,4.9066928e-11,9.999994e-26,9.999995e-26
2012-07-27,283.44452,1.1295545e-07,8.418907e-12,5.846614e-11,2.187759e-11,9.9999965e-26,9.999995e-26
2012-07-28,276.68866,1.0450518e-07,3.3854833e-12,3.438948e-11,3.518649e-11,9.999995e-26,9.999993e-26
2012-07-29,276.1044,9.75314e-08,1.5244105e-12,1.9505602e-11,2.440421e-11,9.999995e-26,9.999995e-26
2012-07-30,276.8237,9.723307e-08,3.2657989e-12,1.4964615e-11,7.209046e-11,9.999995e-26,9.999995e-26
2012-07-31,280.03397,1.0080514e-07,4.176693e-12,3.8096172e-11,6.6033436e-11,9.999995e-26,9.9999903e-26
2012-08-01,279.48633,1.0634671e-07,3.4429612e-12,7.484225e-11,1.4516232e-11,9.999995e-26,9.9999965e-26
2012-08-02,280.28983,1.04328535e-07,6.871732e-12,8.685358e-11,2.1616505e-11,9.9999965e-26,9.999995e-26
2012-08-03,278.6778,1.0152753e-07,2.410641e-12,6.387037e-11,1.8461326e-11,9.999995e-26,9.9999903e-26
2012-08-04,279.77725,1.0195683e-07,9.844669e-12,5.1011646e-11,3.9059343e-11,9.999993e-26,2.4771736e-14
2012-08-05,281.66235,1.0905006e-07,1.2117281e-11,8.146964e-11,2.9551465e-11,9.999995e-26,9.999993e-26
2012-08-06,282.00574,1.11902e-07,8.58018e-12,5.874319e-11,3.0280195e-11,9.999993e-26,9.9999903e-26
2012-08-07,279.69528,1.1166935e-07,1.1855437e-11,7.545468e-11,4.1485607e-11,1.1293882e-14,1.2587819e-13
2012-08-08,278.34204,1.07661904e-07,5.982819e-12,8.202644e-11,3.4582684e-11,6.333259e-15,4.3958862e-14
2012-08-09,278.02792,1.0509969e-07,1.4023971e-11,8.22419e-11,3.973489e-11,1.8083386e-14,1.6528098e-13
2012-08-10,277.8901,1.0574907e-07,1.3944503e-11,7.893829e-11,4.717477e-11,6.192934e-15,6.2841835e-14
2012-08-11,277.14758,1.082678e-07,4.927593e-12,6.080754e-11,3.6367045e-11,9.999995e-26,1.8929997e-14
2012-08-12,275.7886,1.06534344e-07,6.248696e-12,3.843543e-11,4.675345e-11,9.999995e-26,9.999993e-26
2012-08-13,279.47794,1.1258379e-07,5.1598634e-12,3.77699e-11,2.7011232e-11,9.999995e-26,8.266568e-14
2012-08-14,278.87582,1.0852425e-07,6.5899968e-12,4.8139416e-11,1.694692e-11,9.999993e-26,1.0764752e-13
2012-08-15,277.08694,1.0910081e-07,1.0587746e-11,7.183628e-11,8.281495e-11,6.4735836e-15,5.96655e-14
2012-08-16,278.22205,1.1187382e-07,4.1603834e-12,4.0030684e-11,6.6361146e-11,9.999993e-26,9.999993e-26
2012-08-17,281.75604,1.30956e-07,4.468543e-12,5.39693e-11,1.4238296e-11,9.999995e-26,1.5333453e-14
2012-08-18,277.6009,1.1467161e-07,1.0512722e-11,6.796079e-11,6.8827624e-11,3.3771165e-15,1.5300197e-13
2012-08-19,275.93414,1.0656882e-07,6.6065747e-12,6.7139856e-11,7.6449166e-11,1.2171103e-14,4.873581e-13
2012-08-20,275.22287,1.10369314e-07,4.0847273e-12,5.540416e-11,3.957944e-11,1.1907706e-14,2.9937774e-13
2012-08-21,274.85562,1.1214445e-07,3.3413478e-12,4.1859564e-11,2.727146e-11,9.999995e-26,1.9668452e-13
2012-08-22,273.94,1.1326907e-07,2.3909056e-12,2.9819574e-11,2.059929e-11,9.999993e-26,3.7157604e-14
2012-08-23,274.62012,1.1575955e-07,2.266721e-12,2.446094e-11,2.7624772e-11,9.999995e-26,7.0238836e-16
2012-08-24,273.1719,1.1868909e-07,1.6954092e-12,1.9295421e-11,1.9241525e-11,9.999993e-26,9.999995e-26
2012-08-25,275.16498,1.16117306e-07,2.9616797e-12,2.0729337e-11,1.7603499e-11,9.999993e-26,9.999995e-26
2012-08-26,276.10782,1.1714997e-07,4.642425e-12,3.5861286e-11,3.2119873e-11,9.999993e-26,9.999993e-26
2012-08-27,274.66113,1.1709582e-07,3.4116531e-12,3.5405356e-11,5.783299e-11,9.999993e-26,9.999993e-26
2012-08-28,272.16272,1.2144787e-07,1.4624857e-12,2.1053667e-11,2.7576604e-11,9.999995e-26,9.999995e-26
2012-08-29,273.45825,1.2673107e-07,1.1056799e-12,1.7232622e-11,8.380385e-12,9.999995e-26,9.999995e-26
2012-08-30,273.86237,1.2437633e-07,2.1245293e-12,2.0739235e-11,2.3515469e-11,9.999995e-26,9.999995e-26
2012-08-31,271.57318,1.2369237e-07,1.9058056e-12,2.433431e-11,3.711619e-11,9.999997e-26,9.999993e-26
2012-09-01,270.96063,1.2394602e-07,1.1443379e-12,1.7099728e-11,8.718043e-12,9.999993e-26,9.9999903e-26
2012-09-02,271.2511,1.2184911e-07,7.5834716e-13,1.5278293e-11,1.707689e-11,9.999993e-26,9.999995e-26
2012-09-03,270.74258,1.196175e-07,4.1439893e-13,1.0843081e-11,2.059298e-11,9.999993e-26,9.999993e-26
2012-09-04,271.17072,1.1873935e-07,3.6757376e-13,9.872462e-12,2.3088295e-11,9.999995e-26,9.999995e-26
2012-09-05,271.44254,1.2102159e-07,3.8734996e-13,8.1602156e-12,2.1618114e-11,9.999995e-26,1.7722797e-14
2012-09-06,270.7085,1.2240031e-07,4.5236468e-13,7.375895e-12,1.0240203e-11,9.9999934e-26,3.898259e-14
2012-09-07,269.71716,1.2125157e-07,2.948506e-13,6.2098117e-12,1.103607e-11,9.999995e-26,9.999995e-26
2012-09-08,269.02234,1.19055755e-07,5.787849e-12,3.57704e-11,2.7457595e-11,9.999995e-26,9.999995e-26
2012-09-09,268.16403,1.1861965e-07,6.035083e-12,5.6092263e-11,2.7930085e-11,9.999995e-26,5.612989e-16
2012-09-10,267.79977,1.17648405e-07,1.2610538e-11,1.2782511e-10,4.1950575e-11,9.999995e-26,3.4454908e-14
2012-09-11,264.7486,1.173886e-07,1.0283569e-12,4.5846986e-11,4.0873457e-11,9.9999965e-26,9.999995e-26
2012-09-12,266.20038,1.1883654e-07,5.601903e-13,1.2849801e-11,2.3942109e-11,9.9999965e-26,9.999995e-26
2012-09-13,264.57587,1.2026904e-07,4.2631312e-13,8.726237e-12,5.046747e-12,9.999995e-26,9.999993e-26
2012-09-14,264.22626,1.1686899e-07,6.5734955e-13,1.5703713e-11,3.727743e-11,9.999993e-26,9.999993e-26
2012-09-15,264.6143,1.16284866e-07,4.822418e-13,7.49167e-12,1.3616238e-11,9.999993e-26,9.999992e-26
2012-09-16,267.82422,1.1485266e-07,1.2961621e-12,2.1854019e-11,3.5757435e-11,9.999995e-26,9.999995e-26
2012-09-17,266.10846,1.14545735e-07,4.8273334e-12,1.1548805e-10,2.8085603e-11,9.999993e-26,9.9999946e-26
2012-09-18,265.20297,1.1302254e-07,6.149671e-13,4.432899e-11,1.5489896e-11,9.999995e-26,9.999993e-26
2012-09-19,261.4831,1.1289853e-07,2.7580065e-13,1.0611461e-11,7.605139e-12,9.9999965e-26,9.9999946e-26
2012-09-20,262.01068,1.14355245e-07,1.5505877e-13,8.405728e-12,2.4233398e-11,9.999993e-26,2.1071685e-15
2012-09-21,264.40735,1.2013743e-07,1.169166e-13,6.612167e-12,9.61939e-12,9.999995e-26,1.2126896e-13
2012-09-22,264.36768,1.1564656e-07,9.180926e-14,5.9167814e-12,7.233736e-12,9.999995e-26,9.905577e-14
2012-09-23,263.10196,1.1306156e-07,6.6476216e-14,4.304029e-12,6.671487e-12,9.999995e-26,2.1071651e-15
2012-09-24,261.3029,1.1125384e-07,3.4020784e-13,6.0155245e-12,2.6639264e-12,9.999993e-26,9.999992e-26
2012-09-25,265.8048,1.1213842e-07,1.980441e-12,9.4350916e-11,1.30113195e-11,9.9999916e-26,9.999995e-26
2012-09-26,269.73053,1.07952246e-07,1.4016382e-12,2.0821511e-10,2.0033288e-11,9.999995e-26,9.999993e-26
2012-09-27,267.19785,1.06648e-07,3.152597e-14,9.632081e-11,5.476713e-11,9.999995e-26,1.17872775e-14
2012-09-28,267.43692,1.0614403e-07,9.999995e-26,2.6156872e-11,5.7651925e-11,9.9999965e-26,9.999995e-26
2012-09-29,265.7685,1.03981826e-07,9.9999903e-26,7.0049474e-12,2.5182864e-11,9.999995e-26,1.1225978e-15
2012-09-30,264.88235,1.0321983e-07,9.9999903e-26,6.0219273e-12,8.635195e-12,9.999995e-26,1.1225978e-15
2012-10-01,263.5609,1.02501104e-07,9.999993e-26,4.197422e-12,1.1479064e-11,9.999995e-26,9.999995e-26
2012-10-02,263.0515,1.0410938e-07,9.999993e-26,9.129153e-12,2.1334847e-11,9.9999965e-26,9.999995e-26
2012-10-03,261.12506,1.0654027e-07,9.9999903e-26,5.866865e-12,1.930123e-11,9.999993e-26,9.999995e-26
2012-10-04,260.19513,1.1313894e-07,9.999988e-26,3.6754146e-12,7.0521046e-12,9.999995e-26,9.999995e-26
2012-10-05,255.89638,1.1303591e-07,9.9999903e-26,1.4396299e-12,1.0143015e-12,9.9999965e-26,9.999995e-26
2012-10-06,255.26724,1.11202986e-07,9.9999903e-26,1.0156879e-11,9.69212e-12,9.999995e-26,1.1225978e-15
2012-10-07,257.1842,1.09924116e-07,9.999995e-26,3.7706397e-11,3.069915e-11,9.999995e-26,1.1225978e-15
2012-10-08,255.68141,1.1654114e-07,9.999988e-26,1.4322541e-11,2.8677425e-11,9.999994e-26,9.999995e-26
2012-10-09,257.89642,1.1322791e-07,9.9999903e-26,4.354192e-12,2.9297557e-11,9.999998e-26,9.999993e-26
2012-10-10,256.79434,1.1014134e-07,9.9999903e-26,1.9314739e-12,2.3975062e-11,9.999995e-26,9.999993e-26
2012-10-11,252.4533,1.1101674e-07,9.999995e-26,1.791769e-11,2.8861373e-11,9.999995e-26,9.999995e-26
2012-10-12,255.12167,1.1216626e-07,9.999993e-26,6.730654e-11,2.5751744e-11,9.999995e-26,3.3677933e-15
2012-10-13,256.323,1.1351371e-07,9.9999903e-26,2.5479206e-11,5.5274785e-11,9.9999903e-26,5.895168e-15
2012-10-14,257.4389,1.1343116e-07,9.9999903e-26,2.4727812e-11,9.328937e-11,9.9999916e-26,1.1225978e-15
2012-10-15,254.17558,1.1199193e-07,9.999993e-26,4.968261e-12,8.602695e-11,9.999995e-26,9.999995e-26
2012-10-16,253.4495,1.1096863e-07,9.999993e-26,5.4451873e-12,6.713691e-11,9.999995e-26,9.999995e-26
2012-10-17,255.83197,1.1141891e-07,9.999993e-26,4.5131524e-12,7.022723e-11,9.999993e-26,9.999995e-26
2012-10-18,254.35634,1.1229719e-07,9.999995e-26,2.7034583e-12,1.3362903e-11,9.999995e-26,9.999995e-26
2012-10-19,256.8006,1.141377e-07,9.9999903e-26,4.331155e-12,2.8411336e-11,9.999995e-26,9.9999903e-26
2012-10-20,259.06805,1.1450168e-07,9.999993e-26,4.8315744e-12,3.107668e-11,9.999993e-26,9.999995e-26
2012-10-21,257.56647,1.1354849e-07,9.999995e-26,2.314987e-12,1.7031817e-11,9.999993e-26,9.999995e-26
2012-10-22,256.98993,1.10428445e-07,9.999995e-26,5.5336947e-11,1.601565e-11,9.999994e-26,9.999993e-26
2012-10-23,257.01984,1.106723e-07,9.999995e-26,3.6985026e-11,2.743158e-11,9.9999903e-26,9.999993e-26
2012-10-24,256.66083,1.10764404e-07,9.999995e-26,1.1132796e-11,3.6313473e-11,9.999993e-26,9.999994e-26
2012-10-25,257.50644,1.1135964e-07,9.999993e-26,6.8081855e-12,4.2708156e-11,9.9999965e-26,5.0666072e-14
2012-10-26,256.31842,1.1386747e-07,9.999993e-26,4.1448767e-12,2.5226524e-11,9.9999916e-26,9.999993e-26
2012-10-27,254.18253,1.1554883e-07,9.999993e-26,3.7265048e-12,3.016512e-12,9.999995e-26,9.999993e-26
2012-10-28,254.06139,1.1506512e-07,9.9999903e-26,4.122425e-12,1.0586716e-11,9.999995e-26,9.999995e-26
2012-10-29,254.92426,1.1365296e-07,9.999993e-26,5.9476426e-12,2.2287568e-11,9.999995e-26,9.999995e-26
2012-10-30,253.91895,1.12397004e-07,9.9999903e-26,5.0765685e-12,2.539566e-11,9.999993e-26,9.999995e-26
2012-10-31,252.04623,1.11938526e-07,9.9999903e-26,3.3699048e-12,2.785761e-11,9.999993e-26,9.999995e-26
2012-11-01,248.76839,1.1208297e-07,9.999993e-26,8.720518e-12,2.2766306e-11,9.999995e-26,9.999993e-26
2012-11-02,248.89249,1.1016671e-07,9.999993e-26,1.9718189e-11,2.5042354e-11,9.999995e-26,9.999993e-26
2012-11-03,248.60349,1.08204986e-07,9.999995e-26,8.458891e-12,4.5145235e-11,9.999995e-26,9.999995e-26
2012-11-04,250.21257,1.0816648e-07,9.999995e-26,2.895957e-11,7.769833e-11,9.999995e-26,9.999995e-26
2012-11-05,250.09854,1.0687455e-07,9.999995e-26,7.690378e-12,6.476259e-11,9.999993e-26,9.999993e-26
2012-11-06,250.8679,1.0821473e-07,9.999988e-26,1.6294889e-11,4.131594e-11,9.999995e-26,9.9999965e-26
2012-11-07,254.14455,1.1193421e-07,9.999995e-26,5.367926e-11,4.1855297e-11,9.9999965e-26,9.9999903e-26
2012-11-08,251.63385,1.124976e-07,9.999995e-26,1.38512335e-11,3.3806395e-11,9.999995e-26,9.999993e-26
2012-11-09,250.14038,1.14896e-07,9.999993e-26,2.8660883e-11,3.4712584e-11,9.9999965e-26,9.999995e-26
2012-11-10,247.48799,1.13071195e-07,9.999995e-26,3.6653045e-11,3.7691843e-11,9.999993e-26,9.999993e-26
2012-11-11,247.71097,1.12691126e-07,9.999995e-26,1.0065289e-11,4.8022534e-11,9.999995e-26,9.999995e-26
2012-11-12,248.48593,1.1386508e-07,9.999995e-26,5.383671e-11,3.722622e-11,9.999994e-26,9.999995e-26
2012-11-13,245.95554,1.1307078e-07,9.999995e-26,8.0763576e-11,3.848157e-11,9.9999903e-26,9.999993e-26
2012-11-14,247.09406,1.1399205e-07,9.9999854e-26,9.253495e-12,4.636668e-11,9.999993e-26,9.999993e-26
2012-11-15,248.8799,1.1768994e-07,9.999995e-26,8.9820365e-12,5.014212e-11,9.999995e-26,9.999995e-26
2012-11-16,246.21979,1.1518901e-07,9.999995e-26,4.449773e-11,4.346647e-11,9.999995e-26,9.999995e-26
2012-11-17,246.5895,1.1750989e-07,9.999993e-26,1.84605e-11,5.994357e-11,9.999995e-26,9.999995e-26
2012-11-18,245.69353,1.1649294e-07,9.999993e-26,4.437208e-12,5.0954574e-11,9.999995e-26,9.999993e-26
2012-11-19,246.4617,1.1529521e-07,9.999993e-26,1.26518e-12,4.1091176e-11,9.999993e-26,9.999993e-26
2012-11-20,248.51657,1.14007335e-07,9.999995e-26,2.597828e-12,5.3556368e-11,9.999995e-26,9.999995e-26
2012-11-21,249.2862,1.1547347e-07,9.999988e-26,5.407148e-12,7.183909e-11,9.999995e-26,9.999993e-26
2012-11-22,247.94264,1.1506902e-07,9.999993e-26,9.5779235e-12,7.340883e-11,9.999998e-26,9.999995e-26
2012-11-23,245.8989,1.1456811e-07,9.999993e-26,1.5013293e-11,1.2249055e-10,9.999993e-26,9.999993e-26
2012-11-24,245.44815,1.1506898e-07,9.999995e-26,7.3838565e-12,1.4041376e-10,9.999995e-26,9.999995e-26
2012-11-25,242.96878,1.1323302e-07,9.999993e-26,1.1067182e-12,1.13937026e-10,9.999993e-26,9.999995e-26
2012-11-26,243.74881,1.1137356e-07,9.999993e-26,1.8620632e-12,7.706857e-11,9.9999965e-26,9.999993e-26
2012-11-27,245.44409,1.1168294e-07,9.9999903e-26,1.876426e-12,4.842316e-11,9.999994e-26,9.9999903e-26
2012-11-28,253.4097,1.1194439e-07,9.9999903e-26,3.5792142e-12,5.7465185e-11,9.9999965e-26,9.999993e-26
2012-11-29,252.2149,1.18017105e-07,9.999993e-26,4.5756532e-12,4.981684e-11,9.999993e-26,9.9999903e-26
2012-11-30,255.44586,1.1426873e-07,9.999995e-26,2.8800424e-11,7.560335e-11,9.999995e-26,9.999993e-26
2012-12-01,253.48499,1.15012305e-07,9.9999903e-26,1.6066254e-11,1.14427884e-10,9.9999965e-26,9.999993e-26
2012-12-02,251.52512,1.1233984e-07,9.999995e-26,9.641985e-12,6.560347e-11,9.999993e-26,9.999995e-26
2012-12-03,250.02,1.1160112e-07,9.999993e-26,7.872407e-12,6.868097e-11,9.999991e-26,9.999995e-26
2012-12-04,250.47784,1.0985853e-07,9.999993e-26,2.3713154e-12,4.1550867e-11,9.999996e-26,9.999993e-26
2012-12-05,250.11246,1.09216344e-07,9.9999903e-26,2.6180562e-12,5.909596e-11,9.999993e-26,9.999995e-26
2012-12-06,248.6193,1.1784501e-07,9.999993e-26,1.6114847e-11,1.1971758e-10,9.999994e-26,9.999995e-26
2012-12-07,246.48056,1.2412865e-07,9.999993e-26,1.9213886e-11,1.7068068e-10,9.999995e-26,9.999995e-26
2012-12-08,246.06871,1.1690834e-07,9.9999903e-26,1.8388945e-11,7.5969606e-11,9.999993e-26,9.999995e-26
2012-12-09,247.32344,1.158254e-07,9.999995e-26,9.327828e-12,7.444609e-11,9.999995e-26,9.999995e-26
2012-12-10,251.4169,1.14627e-07,9.9999903e-26,2.2139561e-11,7.7941764e-11,9.999993e-26,9.9999903e-26
2012-12-11,248.71817,1.1358263e-07,9.999993e-26,4.606616e-11,9.5633196e-11,9.9999965e-26,9.999995e-26
2012-12-12,248.46393,1.13018274e-07,9.999993e-26,4.049819e-12,1.3274175e-10,9.9999965e-26,9.999995e-26
2012-12-13,244.21124,1.1163315e-07,9.999995e-26,5.4738336e-12,9.5882066e-11,9.999995e-26,9.999993e-26
2012-12-14,243.53955,1.1170369e-07,9.999993e-26,4.2587447e-11,8.2003085e-11,9.999993e-26,9.999995e-26
2012-12-15,243.21861,1.1349704e-07,9.999995e-26,3.6287667e-11,8.3944865e-11,9.999995e-26,9.999995e-26
2012-12-16,242.77759,1.15675284e-07,9.9999903e-26,8.28054e-12,1.0015712e-10,9.999995e-26,9.999995e-26
2012-12-17,244.4259,1.16177105e-07,9.999995e-26,1.3007805e-11,1.0252073e-10,9.999995e-26,9.999995e-26
2012-12-18,243.59247,1.16087804e-07,9.999993e-26,4.2632654e-11,1.4398309e-10,9.999993e-26,9.9999903e-26
2012-12-19,245.22165,1.160253e-07,9.999993e-26,7.789819e-12,1.3285788e-10,9.999993e-26,9.999995e-26
2012-12-20,247.0427,1.1243319e-07,9.999993e-26,1.0165937e-11,8.1298315e-11,9.999993e-26,9.999993e-26
2012-12-21,248.04523,1.1347029e-07,9.9999903e-26,4.1864734e-11,9.0669715e-11,9.999994e-26,9.999994e-26
2012-12-22,247.8808,1.1428203e-07,9.999993e-26,2.6808501e-12,1.1094585e-10,9.999993e-26,9.999993e-26
2012-12-23,243.68866,1.1928547e-07,9.999993e-26,2.4808645e-12,1.8335934e-10,9.999993e-26,9.999994e-26
2012-12-24,247.90944,1.2402825e-07,9.999995e-26,1.1521492e-11,1.9559168e-10,9.999995e-26,9.999995e-26
2012-12-25,251.55919,1.2461831e-07,9.999993e-26,2.387851e-11,1.5157922e-10,9.999995e-26,9.999995e-26
2012-12-26,251.69998,1.227059e-07,9.999995e-26,6.980096e-12,1.3350111e-10,9.999995e-26,9.999995e-26
2012-12-27,246.62181,1.2206104e-07,9.999995e-26,1.2683687e-12,1.2564916e-10,9.999995e-26,9.9999854e-26
2012-12-28,244.39005,1.2203652e-07,9.999995e-26,1.801236e-12,1.3878856e-10,9.999993e-26,9.999995e-26
2012-12-29,244.35338,1.203542e-07,9.999993e-26,1.1688765e-12,1.2415648e-10,9.999995e-26,9.9999903e-26
2012-12-30,246.87186,1.1952864e-07,9.999993e-26,2.6102072e-12,1.0383409e-10,9.999994e-26,9.999995e-26
2012-12-31,249.26465,1.2091866e-07,9.999993e-26,2.145056e-11,1.1088831e-10,9.9999965e-26,9.999995e-26
2013-01-01,244.01257,1.1831279e-07,9.999993e-26,6.443404e-11,1.08508175e-10,9.999995e-26,9.9999903e-26
2013-01-02,250.01035,1.1948146e-07,9.999995e-26,1.7681393e-11,1.4500237e-10,9.999993e-26,9.999995e-26
2013-01-03,252.90065,1.2420647e-07,9.9999903e-26,6.188999e-12,2.7394545e-10,9.999995e-26,9.999993e-26
2013-01-04,253.20349,1.3487923e-07,9.999988e-26,7.927922e-12,7.6033163e-10,9.999995e-26,9.999995e-26
2013-01-05,253.1104,1.3810266e-07,9.999993e-26,7.9884675e-12,5.8616867e-10,9.9999965e-26,9.999995e-26
2013-01-06,253.79013,1.3155437e-07,9.999995e-26,3.3051575e-11,3.6993966e-10,9.9999903e-26,9.999993e-26
2013-01-07,250.6707,1.2303896e-07,9.9999903e-26,3.7715494e-11,2.2498786e-10,9.999995e-26,9.999995e-26
2013-01-08,244.5488,1.2244116e-07,9.999995e-26,2.1894143e-11,1.5301499e-10,9.999996e-26,9.999993e-26
2013-01-09,245.09622,1.215825e-07,9.9999903e-26,6.702732e-12,1.339422e-10,9.999995e-26,9.9999903e-26
2013-01-10,247.0266,1.1968841e-07,9.999993e-26,2.7412493e-12,1.4733537e-10,9.999993e-26,9.999993e-26
2013-01-11,251.34808,1.2036936e-07,9.9999903e-26,4.731873e-12,1.6887547e-10,9.999995e-26,9.999995e-26
2013-01-12,245.16644,1.18220086e-07,9.999993e-26,1.11214675e-11,1.1842778e-10,9.9999903e-26,9.999995e-26
2013-01-13,244.45079,1.1931095e-07,9.9999903e-26,1.2045565e-10,1.0049395e-10,9.999993e-26,9.999995e-26
2013-01-14,242.06268,1.1854517e-07,9.999995e-26,4.4307127e-11,1.2124485e-10,9.9999965e-26,9.999993e-26
2013-01-15,241.37886,1.16772e-07,9.999993e-26,1.2422211e-12,1.00106305e-10,9.999995e-26,9.999993e-26
2013-01-16,242.45764,1.1829186e-07,9.999988e-26,9.435986e-13,1.0458932e-10,9.999995e-26,9.999995e-26
2013-01-17,247.66818,1.2982143e-07,9.999995e-26,5.9069472e-12,3.5501327e-10,9.999993e-26,9.9999903e-26
2013-01-18,248.37343,1.3356681e-07,9.999993e-26,2.4740828e-12,3.1016448e-10,9.999993e-26,9.9999903e-26
2013-01-19,248.24956,1.3848675e-07,9.999995e-26,3.7064986e-12,4.0682946e-10,9.9999903e-26,9.999995e-26
2013-01-20,251.12593,1.3433161e-07,9.9999903e-26,3.242037e-12,4.3271592e-10,9.999995e-26,9.999995e-26
2013-01-21,245.72134,1.4721718e-07,9.999993e-26,2.9168848e-11,1.8015365e-09,9.9999965e-26,9.9999903e-26
2013-01-22,241.9352,1.5203463e-07,9.999993e-26,3.180495e-11,2.4410196e-09,9.999995e-26,9.999995e-26
2013-01-23,240.91843,1.4578976e-07,9.999993e-26,1.5684305e-11,1.885212e-09,9.999995e-26,9.999995e-26
2013-01-24,241.64264,1.3902365e-07,9.999993e-26,8.820599e-12,1.4483453e-09,9.999995e-26,9.999993e-26
2013-01-25,243.05634,1.3223197e-07,9.999993e-26,5.0691877e-12,8.4050245e-10,9.999995e-26,9.999993e-26
2013-01-26,242.42737,1.26476e-07,9.999995e-26,3.862051e-12,4.8470633e-10,9.9999903e-26,9.999993e-26
2013-01-27,239.74654,1.2648879e-07,9.999993e-26,2.740866e-12,5.0673565e-10,9.999995e-26,9.999993e-26
2013-01-28,238.71364,1.2530938e-07,9.999995e-26,9.257916e-13,3.608976e-10,9.999995e-26,9.999995e-26
2013-01-29,243.11108,1.2571248e-07,9.9999903e-26,1.2646462e-12,2.8203495e-10,9.999995e-26,9.999993e-26
2013-01-30,240.73306,1.2807517e-07,9.999993e-26,5.546588e-12,4.6407414e-10,9.9999965e-26,9.9999965e-26
2013-01-31,238.0174,1.2828967e-07,9.9999903e-26,2.6464928e-12,4.36866e-10,9.9999916e-26,9.999993e-26
2013-02-01,237.14375,1.267357e-07,9.9999903e-26,1.1083899e-12,2.9157146e-10,9.999995e-26,9.999995e-26
2013-02-02,237.95036,1.2514337e-07,9.999995e-26,9.498658e-13,2.5875307e-10,9.999993e-26,9.999993e-26
2013-02-03,238.91188,1.2818462e-07,9.999993e-26,1.8748271e-12,4.043043e-10,9.999995e-26,9.999993e-26
2013-02-04,238.13173,1.2760911e-07,9.999993e-26,3.065698e-12,3.0239755e-10,9.999996e-26,9.999995e-26
2013-02-05,240.6539,1.2174563e-07,9.999993e-26,1.4478726e-11,9.338301e-11,9.9999903e-26,9.999993e-26
2013-02-06,242.68437,1.2470595e-07,9.999995e-26,1.627489e-11,2.2583976e-10,9.999995e-26,9.999993e-26
2013-02-07,239.79028,1.2561908e-07,9.9999903e-26,3.652176e-12,2.4267532e-10,9.999993e-26,9.999995e-26
2013-02-08,240.74216,1.2067274e-07,9.9999903e-26,6.706103e-13,1.2445363e-10,9.999995e-26,9.999993e-26
2013-02-09,240.35168,1.1812244e-07,9.9999903e-26,6.5492723e-13,8.220182e-11,9.999995e-26,9.999993e-26
2013-02-10,240.84042,1.1644813e-07,9.999995e-26,8.5492984e-13,6.9236034e-11,9.9999965e-26,9.9999903e-26
2013-02-11,238.75307,1.1723045e-07,9.999993e-26,7.9732266e-13,6.308082e-11,9.999993e-26,9.999993e-26
2013-02-12,240.31813,1.1976739e-07,9.999993e-26,7.3601807e-13,6.991706e-11,9.999995e-26,9.999995e-26
2013-02-13,239.26189,1.1927293e-07,9.9999903e-26,2.352535e-12,6.695514e-11,9.999993e-26,9.999993e-26
2013-02-14,239.85448,1.1993514e-07,9.999995e-26,4.9173066e-12,7.269681e-11,9.999995e-26,9.999995e-26
2013-02-15,240.52762,1.2067805e-07,9.999995e-26,6.61095e-12,7.1779666e-11,9.9999965e-26,9.9999903e-26
2013-02-16,239.84239,1.2224369e-07,9.999993e-26,1.5257396e-12,8.896259e-11,9.999995e-26,9.999995e-26
2013-02-17,236.25906,1.2031589e-07,9.999993e-26,2.5374428e-11,6.7069295e-11,9.999993e-26,9.999995e-26
2013-02-18,235.8876,1.2183426e-07,9.999993e-26,7.103115e-12,7.7801654e-11,9.999993e-26,9.999995e-26
2013-02-19,235.11475,1.2597859e-07,9.999995e-26,3.8322305e-13,8.729037e-11,9.9999965e-26,9.999993e-26
2013-02-20,235.843,1.2936653e-07,9.999988e-26,1.7269823e-13,1.0993162e-10,9.999995e-26,9.999993e-26
2013-02-21,234.84384,1.3021892e-07,9.999993e-26,8.408045e-14,1.0168673e-10,9.999993e-26,9.999995e-26
2013-02-22,234.06442,1.2982122e-07,9.999993e-26,3.4366179e-13,1.1259856e-10,9.999995e-26,9.999995e-26
2013-02-23,232.65868,1.2876197e-07,9.999995e-26,5.333804e-13,1.0359422e-10,9.999995e-26,9.999995e-26
2013-02-24,234.14117,1.2663457e-07,9.9999903e-26,1.0669971e-12,8.907251e-11,9.999997e-26,9.999993e-26
2013-02-25,233.2123,1.2591791e-07,9.999993e-26,2.6944458e-12,1.15692185e-10,9.9999965e-26,9.999995e-26
2013-02-26,237.31932,1.2967531e-07,9.999993e-26,2.8823967e-13,1.3953948e-10,9.999995e-26,9.999995e-26
2013-02-27,235.00027,1.3439431e-07,9.999993e-26,2.1378663e-12,1.699271e-10,9.999995e-26,9.999993e-26
2013-02-28,232.77759,1.3094619e-07,9.999995e-26,1.2082831e-12,1.5477865e-10,9.9999965e-26,9.999993e-26
2013-03-01,232.0325,1.3109025e-07,9.999993e-26,1.6793301e-12,1.506443e-10,9.999994e-26,9.999993e-26
2013-03-02,236.14145,1.2751656e-07,9.999993e-26,2.1194658e-12,1.1081349e-10,9.999995e-26,9.999995e-26
2013-03-03,236.02213,1.2638719e-07,9.999993e-26,2.3230803e-11,6.84532e-11,9.999995e-26,9.9999903e-26
2013-03-04,239.44485,1.2539631e-07,9.999995e-26,7.656372e-12,8.5274905e-11,9.999993e-26,9.999993e-26
2013-03-05,240.42166,1.2543214e-07,9.999993e-26,1.3831967e-12,8.614284e-11,9.999995e-26,9.999995e-26
2013-03-06,240.67813,1.305382e-07,9.999993e-26,3.710228e-13,1.07316156e-10,9.999993e-26,9.999995e-26
2013-03-07,242.81665,1.3526338e-07,9.999993e-26,8.606926e-13,1.3055862e-10,9.999995e-26,9.9999903e-26
2013-03-08,242.32996,1.370129e-07,9.999993e-26,6.6938143e-13,1.1418365e-10,9.9999903e-26,9.999995e-26
2013-03-09,241.56306,1.3483229e-07,9.999993e-26,6.8688463e-13,1.0230697e-10,9.999995e-26,9.999995e-26
2013-03-10,241.09279,1.3052215e-07,9.9999903e-26,1.0070875e-11,7.95497e-11,9.999995e-26,9.999995e-26
2013-03-11,243.28087,1.2844485e-07,9.9999903e-26,8.873043e-12,6.393463e-11,9.9999965e-26,9.999995e-26
2013-03-12,243.51024,1.2827121e-07,9.9999903e-26,1.6699715e-12,6.195539e-11,9.999995e-26,9.999995e-26
2013-03-13,244.109,1.2751737e-07,9.999993e-26,9.144738e-13,6.7864235e-11,9.9999965e-26,9.999993e-26
2013-03-14,251.89243,1.3045451e-07,6.192934e-15,1.0104704e-11,9.657482e-11,9.999998e-26,9.999995e-26
2013-03-15,251.70384,1.3414713e-07,1.2385868e-14,1.0593427e-12,9.1093154e-11,9.999995e-26,9.999995e-26
2013-03-16,248.91937,1.340316e-07,1.40697644e-14,1.6814679e-12,8.482907e-11,9.9999903e-26,9.999995e-26
2013-03-17,246.77315,1.3112452e-07,5.86684e-14,3.3559316e-12,1.0406449e-10,9.999995e-26,9.999995e-26
2013-03-18,246.11502,1.2887327e-07,1.4210855e-14,1.913924e-12,9.467335e-11,9.999993e-26,9.9999903e-26
2013-03-19,251.10567,1.2921083e-07,4.2914745e-14,1.6002067e-12,6.229639e-11,9.999993e-26,9.9999903e-26
2013-03-20,251.71869,1.2462107e-07,5.684342e-14,2.7088247e-12,3.0439762e-11,9.999993e-26,9.9999903e-26
2013-03-21,258.0904,1.2112913e-07,8.2575906e-13,3.511217e-11,1.2249821e-11,9.999995e-26,9.999993e-26
2013-03-22,255.09396,1.2332848e-07,2.655782e-13,1.592252e-11,3.317469e-11,9.999995e-26,9.9999903e-26
2013-03-23,253.15173,1.2693195e-07,1.867353e-13,2.1364466e-11,3.9269026e-11,9.9999903e-26,9.999993e-26
2013-03-24,255.14384,1.3216855e-07,3.6562072e-14,7.79267e-12,1.2562215e-10,9.9999965e-26,9.999995e-26
2013-03-25,251.09749,1.2916504e-07,1.1818389e-13,3.2410559e-12,8.725145e-11,9.999995e-26,9.999995e-26
2013-03-26,247.49713,1.2655896e-07,1.2828673e-13,4.556061e-12,7.426949e-11,9.999993e-26,9.999993e-26
2013-03-27,247.3482,1.2656473e-07,6.9956864e-14,1.7032734e-12,3.1690074e-11,9.999995e-26,9.9999903e-26
2013-03-28,248.70477,1.2722731e-07,1.417259e-13,2.4985454e-12,3.201949e-11,9.999995e-26,9.999993e-26
2013-03-29,247.0215,1.2932004e-07,8.652576e-14,3.6472787e-12,2.4074165e-11,9.9999965e-26,9.999995e-26
2013-03-30,246.42346,1.2819632e-07,2.5781489e-14,7.806706e-13,4.8257134e-11,9.9999965e-26,9.999995e-26
2013-03-31,244.17224,1.2695077e-07,2.405376e-14,5.5122036e-13,4.5737678e-11,9.999995e-26,9.999995e-26
2013-04-01,246.85545,1.2845138e-07,1.8100706e-14,7.92982e-13,3.2245977e-11,9.999995e-26,9.999995e-26
2013-04-02,246.37802,1.2762239e-07,1.625012e-13,1.8505369e-12,2.3740033e-11,9.999995e-26,9.9999903e-26
2013-04-03,246.78903,1.2793473e-07,8.554731e-14,2.3425372e-12,2.5361529e-11,9.999995e-26,9.999995e-26
2013-04-04,247.6063,1.2687141e-07,7.498336e-14,1.3387537e-12,1.992674e-11,9.999995e-26,9.999993e-26
2013-04-05,248.74457,1.2706104e-07,8.2650094e-14,1.4641621e-12,3.318456e-11,9.999995e-26,9.999995e-26
2013-04-06,250.8483,1.2643793e-07,9.732652e-14,1.7918543e-12,2.993346e-11,9.999995e-26,9.999993e-26
2013-04-07,248.14888,1.263364e-07,1.00291344e-13,1.8013922e-12,2.1145818e-11,9.999993e-26,9.999995e-26
2013-04-08,247.79715,1.2681697e-07,1.0834252e-13,1.9586572e-12,3.8950197e-11,9.999993e-26,9.999995e-26
2013-04-09,252.09708,1.2670266e-07,1.1438143e-13,1.915745e-12,2.7957463e-11,9.999995e-26,9.999995e-26
2013-04-10,252.00218,1.2637662e-07,6.8646006e-13,5.7222313e-12,2.2388492e-11,9.999995e-26,9.999993e-26
2013-04-11,260.12988,1.2428055e-07,7.79459e-12,1.7994041e-10,7.7303886e-11,9.999993e-26,9.999995e-26
2013-04-12,261.3022,1.2256304e-07,4.801066e-12,1.2787815e-10,3.828572e-11,9.999997e-26,9.999995e-26
2013-04-13,260.94904,1.2169599e-07,9.652597e-13,2.553167e-11,3.621255e-11,9.999993e-26,9.999993e-26
2013-04-14,257.2648,1.2203589e-07,3.4317742e-13,5.366992e-12,1.6545353e-10,9.999994e-26,9.999995e-26
2013-04-15,254.67625,1.2773253e-07,4.0320817e-13,5.110957e-12,2.0369982e-10,9.999995e-26,9.999995e-26
2013-04-16,251.62369,1.2797149e-07,4.6089657e-13,5.1629213e-12,6.558428e-11,9.999995e-26,9.999995e-26
2013-04-17,253.53143,1.2769726e-07,5.774712e-13,6.909773e-12,4.033881e-11,9.999993e-26,9.999995e-26
2013-04-18,252.60812,1.2808168e-07,6.5372127e-13,6.428806e-12,2.9333355e-11,9.999995e-26,9.999995e-26
2013-04-19,251.5528,1.2785922e-07,7.7126787e-13,7.758683e-12,1.8564691e-11,9.999995e-26,9.999995e-26
2013-04-20,252.33621,1.2287973e-07,8.653194e-12,4.142364e-11,2.9435957e-11,9.999995e-26,9.9999965e-26
2013-04-21,252.5297,1.2100902e-07,1.2947989e-11,9.4697125e-11,5.1569738e-11,9.9999965e-26,9.999993e-26
2013-04-22,254.60971,1.2363421e-07,7.728748e-12,6.912178e-11,4.5074222e-11,9.999995e-26,9.999993e-26
2013-04-23,254.17508,1.201299e-07,1.4672442e-11,1.3706779e-10,4.3060583e-11,9.999995e-26,9.999995e-26
2013-04-24,253.75134,1.20017e-07,4.3716615e-12,3.2027533e-11,3.5181396e-11,9.999993e-26,9.999995e-26
2013-04-25,253.611,1.2111404e-07,1.1957084e-11,7.8706416e-11,3.382737e-11,9.999995e-26,9.9999903e-26
2013-04-26,252.13634,1.2102535e-07,1.0004303e-11,7.318009e-11,5.3211265e-11,9.999995e-26,9.9999903e-26
2013-04-27,254.25021,1.2228082e-07,5.6972816e-12,6.513769e-11,6.632734e-11,9.999995e-26,9.999995e-26
2013-04-28,257.81583,1.2403883e-07,6.198272e-12,6.564541e-11,2.5383352e-11,9.999995e-26,9.999993e-26
2013-04-29,256.03528,1.2246429e-07,5.3370385e-12,3.936843e-11,2.504392e-11,9.9999965e-26,9.999995e-26
2013-04-30,257.9742,1.2218872e-07,4.977841e-12,2.7326474e-11,9.749163e-12,9.999995e-26,9.999993e-26
2013-05-01,262.56934,1.2419207e-07,2.2017414e-12,2.867344e-11,6.0920774e-12,9.999995e-26,9.999993e-26
2013-05-02,264.86694,1.2342302e-07,4.1015568e-12,4.5804582e-11,1.5989517e-11,9.999998e-26,9.9999903e-26
2013-05-03,262.89758,1.2206125e-07,1.3883563e-11,1.1939554e-10,4.139662e-11,9.999993e-26,9.999995e-26
2013-05-04,262.0086,1.21846e-07,5.7663e-12,5.5149385e-11,1.24461995e-11,9.999995e-26,9.999993e-26
2013-05-05,259.95758,1.2098019e-07,4.0298958e-12,2.3961926e-11,2.1695118e-11,9.9999965e-26,9.999995e-26
2013-05-06,257.7221,1.2038281e-07,7.239264e-12,3.9283587e-11,4.399293e-11,9.999993e-26,9.999993e-26
2013-05-07,256.02753,1.1976775e-07,8.4431915e-12,4.7933046e-11,3.2601578e-11,9.999994e-26,9.999993e-26
2013-05-08,255.52936,1.1916531e-07,7.840772e-12,4.3412267e-11,3.5361363e-11,9.9999965e-26,9.999993e-26
2013-05-09,258.1812,1.1873922e-07,3.5944776e-12,1.9976564e-11,2.444226e-11,9.9999903e-26,9.999993e-26
2013-05-10,257.3424,1.17716844e-07,9.988816e-12,5.3724143e-11,5.8353426e-11,9.9999965e-26,9.9999903e-26
2013-05-11,258.12695,1.1752098e-07,4.3599195e-12,2.706907e-11,3.471117e-11,9.999995e-26,9.9999903e-26
2013-05-12,259.84427,1.168905e-07,4.8428982e-12,3.6714135e-11,2.930511e-11,9.999993e-26,9.9999903e-26
2013-05-13,261.85303,1.16078944e-07,1.8541816e-11,1.1262116e-10,6.904999e-12,9.999995e-26,9.999995e-26
2013-05-14,259.66058,1.15336896e-07,8.576407e-12,7.130761e-11,2.1674853e-11,9.9999965e-26,9.999995e-26
2013-05-15,259.20407,1.1540723e-07,9.477639e-12,6.001481e-11,4.380933e-11,9.999993e-26,9.999993e-26
2013-05-16,262.70538,1.1401374e-07,7.771814e-12,3.727365e-11,2.1459855e-11,9.9999965e-26,9.999995e-26
2013-05-17,261.76196,1.13089115e-07,9.83892e-12,4.502275e-11,3.948005e-11,9.999993e-26,9.999995e-26
2013-05-18,263.01422,1.1253316e-07,8.486322e-12,4.769753e-11,3.0598427e-11,9.9999903e-26,9.999995e-26
2013-05-19,264.32928,1.1173751e-07,5.3822762e-12,5.3834923e-11,1.630306e-11,9.999995e-26,9.999995e-26
2013-05-20,264.92792,1.1413259e-07,3.2089628e-12,2.3693474e-11,3.2539322e-11,9.999993e-26,9.999993e-26
2013-05-21,266.54895,1.1188569e-07,6.2436376e-12,3.2255053e-11,1.7157931e-11,9.999995e-26,9.999995e-26
2013-05-22,267.49368,1.09894316e-07,6.3965218e-12,3.5803593e-11,1.4472611e-11,9.999993e-26,9.999993e-26
2013-05-23,268.10175,1.15863855e-07,4.75675e-12,3.2663795e-11,1.420353e-11,9.999995e-26,9.999995e-26
2013-05-24,266.21524,1.1790286e-07,4.490983e-12,2.2838632e-11,5.5919828e-11,9.9999965e-26,9.999995e-26
2013-05-25,268.21332,1.12581006e-07,5.3283575e-12,2.0196804e-11,4.684111e-11,9.999995e-26,9.9999903e-26
2013-05-26,269.2992,1.11548374e-07,6.2743335e-12,3.1798262e-11,3.7151962e-11,9.999993e-26,9.999988e-26
2013-05-27,271.46472,1.0727915e-07,9.319113e-12,4.1496324e-11,2.1990236e-11,9.9999965e-26,9.9999903e-26
2013-05-28,272.23163,1.0578712e-07,1.3771604e-11,1.01556125e-10,1.3946442e-11,9.999995e-26,9.999995e-26
2013-05-29,271.6485,1.0904057e-07,6.438964e-12,7.004458e-11,1.087651e-11,9.999993e-26,9.999995e-26
2013-05-30,271.10428,1.0714555e-07,7.650128e-12,4.8085477e-11,1.4671812e-11,9.999995e-26,9.999995e-26
2013-05-31,271.4001,1.07399394e-07,1.1667476e-11,7.2447257e-11,3.5609738e-12,9.999995e-26,9.999995e-26
2013-06-01,271.61346,1.0458967e-07,4.825642e-12,4.8308055e-11,3.878228e-12,9.999994e-26,9.9999903e-26
2013-06-02,272.74164,1.01667254e-07,9.920374e-12,5.3838174e-11,4.4455472e-12,9.999995e-26,9.9999903e-26
2013-06-03,272.87363,9.9795706e-08,5.738314e-12,4.8068098e-11,4.554944e-12,9.999993e-26,9.9999903e-26
2013-06-04,273.21167,9.683481e-08,8.234441e-12,5.020911e-11,5.9145874e-12,9.999995e-26,9.999993e-26
2013-06-05,271.65,1.0555735e-07,5.32993e-12,3.4625323e-11,1.0881371e-11,9.999995e-26,9.999995e-26
2013-06-06,269.61145,1.0821479e-07,3.9014876e-12,2.9550893e-11,5.0048826e-11,9.999995e-26,9.999995e-26
2013-06-07,272.64307,1.0553846e-07,5.05152e-12,5.6435776e-11,3.2121333e-11,1.6885583e-15,9.999995e-26
2013-06-08,272.2545,1.02565366e-07,4.2619263e-12,4.0002616e-11,3.296729e-11,9.999995e-26,9.999993e-26
2013-06-09,270.97443,1.0306814e-07,3.308363e-12,1.974008e-11,1.823772e-11,9.999995e-26,9.999993e-26
2013-06-10,271.5239,1.0336325e-07,3.2381279e-12,2.274774e-11,1.2342115e-11,9.999993e-26,9.999995e-26
2013-06-11,271.78925,1.0112588e-07,2.5080953e-12,2.178323e-11,7.716143e-12,9.999995e-26,9.999993e-26
2013-06-12,273.3806,9.834689e-08,2.9002404e-12,1.933078e-11,1.4089062e-11,9.999995e-26,9.999993e-26
2013-06-13,275.15396,9.974062e-08,2.74537e-12,2.3054645e-11,1.8174906e-11,9.999995e-26,9.999993e-26
2013-06-14,275.56433,1.0239564e-07,2.461223e-12,2.244414e-11,2.0523225e-11,9.999995e-26,9.999993e-26
2013-06-15,277.26074,1.00480364e-07,7.617573e-12,6.736719e-11,3.7627193e-11,9.9999965e-26,9.999993e-26
2013-06-16,276.23364,1.0379082e-07,5.676152e-12,7.6357656e-11,3.531719e-11,9.999995e-26,9.999995e-26
2013-06-17,275.20126,1.0201357e-07,4.611442e-12,4.082451e-11,5.1050216e-11,9.9999965e-26,9.999995e-26
2013-06-18,273.2817,9.782795e-08,3.5554391e-12,2.7637913e-11,5.8265955e-11,9.9999965e-26,9.999993e-26
2013-06-19,272.70523,9.746827e-08,2.6286785e-12,2.332359e-11,1.7705766e-11,9.999993e-26,9.999995e-26
2013-06-20,277.9764,9.490756e-08,8.108621e-12,3.6419045e-11,2.1749354e-11,9.9999965e-26,9.999993e-26
2013-06-21,276.90286,9.223012e-08,1.1352457e-11,5.9917155e-11,3.1245895e-11,9.999995e-26,9.999995e-26
2013-06-22,275.14868,9.1107225e-08,3.2496427e-12,2.5924896e-11,2.1311184e-11,9.999995e-26,9.999993e-26
2013-06-23,273.17657,9.027076e-08,1.8776517e-12,1.7705401e-11,1.25948e-11,9.999993e-26,9.999995e-26
2013-06-24,274.2345,8.9273705e-08,1.5023917e-12,1.4003304e-11,1.7563152e-11,9.9999965e-26,9.999993e-26
2013-06-25,275.48584,8.727828e-08,3.0295775e-12,3.78294e-11,1.7916633e-11,9.999995e-26,9.999995e-26
2013-06-26,274.06943,8.634571e-08,3.1166814e-12,3.5801303e-11,1.5280081e-11,9.999995e-26,9.999995e-26
2013-06-27,272.49716,8.635877e-08,1.7645686e-12,1.12857146e-11,5.223125e-11,9.999995e-26,9.999993e-26
2013-06-28,275.62726,8.4686114e-08,5.2333693e-12,3.2577937e-11,4.8751683e-11,9.999998e-26,9.999995e-26
2013-06-29,277.50803,8.342461e-08,6.210096e-12,4.9008346e-11,3.4634143e-11,9.999993e-26,9.999995e-26
2013-06-30,277.96924,8.397957e-08,6.2303157e-12,5.4223504e-11,3.874381e-11,9.999995e-26,9.999993e-26
2013-07-01,275.60114,8.3465e-08,2.4233493e-12,3.350188e-11,2.7530015e-11,9.999995e-26,9.999995e-26
2013-07-02,274.59326,8.173649e-08,1.9030402e-12,1.4018458e-11,2.4145779e-11,9.999995e-26,9.999993e-26
2013-07-03,273.26144,8.056192e-08,1.8550456e-12,1.3130486e-11,3.996603e-11,9.999995e-26,9.999993e-26
2013-07-04,273.18286,8.10991e-08,1.5125805e-12,1.6906703e-11,1.8967921e-11,9.999995e-26,9.999993e-26
2013-07-05,273.40735,8.080797e-08,1.5831818e-12,1.9316057e-11,1.65279e-11,9.999995e-26,9.999993e-26
2013-07-06,274.3437,8.1116e-08,1.959315e-12,1.5364132e-11,4.5360524e-11,9.9999965e-26,9.9999903e-26
2013-07-07,277.54227,8.153605e-08,1.5993266e-12,1.7794882e-11,1.6512392e-11,9.999993e-26,9.9999916e-26
2013-07-08,276.4668,8.0476084e-08,1.8197854e-12,1.1670517e-11,1.9954408e-11,9.999995e-26,9.999994e-26
2013-07-09,276.43677,8.035992e-08,1.1771776e-12,1.4938061e-11,2.1182365e-11,9.999995e-26,9.999995e-26
2013-07-10,275.77914,8.165426e-08,1.927273e-12,1.449894e-11,6.1989774e-11,9.999995e-26,9.999995e-26
2013-07-11,274.23483,7.989784e-08,1.638736e-12,1.3375287e-11,1.5016287e-11,9.999993e-26,9.999995e-26
2013-07-12,278.1707,8.415496e-08,4.807274e-12,6.269672e-11,2.1132807e-11,3.096467e-15,1.2385868e-14
2013-07-13,278.08398,8.6175945e-08,7.365659e-12,3.3871347e-11,4.341724e-11,9.999995e-26,9.999995e-26
2013-07-14,278.03125,8.337605e-08,5.961804e-12,2.639081e-11,2.7338834e-11,9.999993e-26,9.999993e-26
2013-07-15,276.5935,8.081751e-08,3.932728e-12,2.3575933e-11,1.9062791e-11,9.999993e-26,9.999995e-26
2013-07-16,278.56375,8.503022e-08,7.918301e-12,2.4394995e-11,4.637085e-11,9.999995e-26,9.999995e-26
2013-07-17,280.02246,8.575272e-08,4.087497e-12,2.543713e-11,4.751298e-11,9.999995e-26,9.999993e-26
2013-07-18,277.87836,8.4021536e-08,2.8397408e-12,1.7838503e-11,6.8444674e-11,9.9999965e-26,9.999995e-26
2013-07-19,274.84668,8.2472624e-08,2.4318937e-12,1.19896315e-11,5.977169e-11,9.999993e-26,9.999995e-26
2013-07-20,275.85184,8.49542e-08,2.5924488e-12,1.8268003e-11,2.458596e-11,9.999993e-26,9.999993e-26
2013-07-21,277.30475,8.272688e-08,3.8426025e-12,1.7938106e-11,2.2124167e-11,9.999995e-26,9.999995e-26
2013-07-22,277.03253,8.52728e-08,4.330417e-12,2.413289e-11,3.902497e-11,9.999995e-26,9.999993e-26
2013-07-23,277.72815,8.7754835e-08,5.467165e-12,2.368133e-11,3.7248066e-11,9.999993e-26,9.9999903e-26
2013-07-24,280.87744,9.016016e-08,1.5561247e-11,7.122561e-11,4.515947e-11,4.6447005e-15,9.999995e-26
2013-07-25,279.92328,1.0334581e-07,1.1938914e-11,7.253735e-11,4.8385185e-11,6.4210573e-15,1.2385868e-14
2013-07-26,279.47244,1.0551592e-07,1.1737861e-11,7.2343145e-11,4.761395e-11,9.999995e-26,6.192934e-15
2013-07-27,277.66803,9.6274e-08,8.0955884e-12,7.059635e-11,7.9700906e-11,9.9999965e-26,9.999993e-26
2013-07-28,277.22217,8.927875e-08,5.38908e-12,3.6041066e-11,9.6467244e-11,9.999995e-26,9.999995e-26
2013-07-29,276.3044,8.679343e-08,6.145518e-12,4.561477e-11,1.2844406e-10,9.999993e-26,9.999993e-26
2013-07-30,275.8735,8.5185206e-08,3.2003835e-12,4.1374598e-11,9.1557144e-11,2.8064944e-16,1.3847415e-13
2013-07-31,277.12604,8.495405e-08,5.7638343e-12,3.195963e-11,5.922939e-11,9.999995e-26,2.7299111e-14
2013-08-01,276.079,8.446931e-08,2.1270344e-12,1.7070883e-11,6.0900555e-11,9.999993e-26,9.999993e-26
2013-08-02,277.40854,8.494812e-08,4.4321808e-12,3.5164864e-11,4.2886243e-11,9.999995e-26,9.999995e-26
2013-08-03,277.697,9.556455e-08,6.015969e-12,6.036807e-11,5.3256594e-11,9.999995e-26,9.999995e-26
2013-08-04,278.1822,8.898837e-08,8.646453e-12,7.6611134e-11,4.615446e-11,9.9999965e-26,9.999995e-26
2013-08-05,278.1532,8.3222155e-08,1.0266526e-11,8.322905e-11,1.9070119e-11,9.833446e-15,9.999995e-26
2013-08-06,279.15396,8.2766874e-08,3.836202e-12,7.449416e-11,2.7117182e-11,1.3087492e-14,7.0778215e-14
2013-08-07,274.11127,8.57481e-08,1.9618807e-12,3.0878182e-11,3.969183e-11,9.999993e-26,2.0403789e-13
2013-08-08,273.1226,8.531798e-08,7.953355e-13,8.801809e-12,2.3508624e-11,9.999993e-26,9.999995e-26
2013-08-09,276.31006,8.360627e-08,1.9293282e-12,4.9865466e-11,3.684071e-11,9.9999965e-26,7.0238836e-16
2013-08-10,276.37207,8.1611674e-08,5.825043e-12,7.714939e-11,3.0482682e-11,1.5482335e-15,1.3790645e-14
2013-08-11,275.33612,8.63357e-08,3.279162e-12,7.510717e-11,2.0324855e-11,9.9999965e-26,1.9281192e-14
2013-08-12,273.93408,8.661789e-08,7.5706233e-13,1.00029525e-11,3.4240555e-11,9.999995e-26,1.13407723e-13
2013-08-13,271.65387,8.545902e-08,8.9445676e-13,6.250057e-12,6.9734364e-11,9.999995e-26,2.842171e-14
2013-08-14,271.4696,8.392565e-08,7.109479e-13,8.292285e-12,8.6118154e-11,9.999995e-26,9.9999903e-26
2013-08-15,270.758,8.3813184e-08,2.2393075e-12,1.7135796e-11,1.09921384e-10,9.9999965e-26,9.999993e-26
2013-08-16,269.64865,8.341563e-08,8.155794e-13,5.958023e-12,1.221618e-10,9.999995e-26,9.999995e-26
2013-08-17,268.81577,8.313692e-08,4.187911e-13,4.5645475e-12,9.9194694e-11,9.999995e-26,9.999993e-26
2013-08-18,269.576,8.327432e-08,4.925837e-13,4.5239264e-12,6.076373e-11,9.999993e-26,9.999995e-26
2013-08-19,272.11874,8.286982e-08,9.357349e-13,7.774834e-12,9.975128e-11,9.999995e-26,9.999995e-26
2013-08-20,273.9441,8.4479616e-08,1.2246274e-12,9.956387e-12,7.203962e-11,9.999993e-26,9.9999934e-26
2013-08-21,274.10223,8.767873e-08,2.0406873e-12,1.4118199e-11,5.3315095e-11,9.999995e-26,9.999995e-26
2013-08-22,274.70694,9.026462e-08,1.50333e-12,1.400275e-11,3.0894922e-11,9.999995e-26,9.9999965e-26
2013-08-23,274.01074,8.8216666e-08,4.75832e-12,4.3439877e-11,3.8598447e-11,9.999995e-26,4.1789085e-14
2013-08-24,271.78473,8.428834e-08,3.2556896e-12,3.0305664e-11,7.932679e-11,9.999995e-26,9.999995e-26
2013-08-25,270.73462,9.3032895e-08,1.4629859e-12,1.7911847e-11,4.0195697e-11,9.999995e-26,9.999995e-26
2013-08-26,269.23248,9.111427e-08,1.1186557e-12,1.9024126e-11,9.229374e-12,9.9999965e-26,9.999993e-26
2013-08-27,271.3669,9.3994544e-08,1.4793144e-12,1.6284567e-11,2.7975827e-11,9.999993e-26,9.999995e-26
2013-08-28,270.45425,9.467393e-08,1.4731056e-12,1.6281069e-11,4.4632034e-11,9.999994e-26,9.999993e-26
2013-08-29,270.74216,9.154046e-08,5.019095e-13,1.0762417e-11,6.921719e-12,9.999995e-26,9.999995e-26
2013-08-30,269.24506,8.7112184e-08,4.0034444e-13,7.0798714e-12,1.0018835e-11,9.999993e-26,9.999995e-26
2013-08-31,267.94272,8.956734e-08,3.9709604e-13,6.5670394e-12,1.0969598e-11,9.999993e-26,9.999995e-26
2013-09-01,268.85312,9.3116626e-08,1.7978075e-12,1.5284296e-11,2.6507727e-11,9.999995e-26,9.9999903e-26
2013-09-02,267.35498,9.315846e-08,8.1680387e-13,1.8847993e-11,3.2412323e-11,9.999993e-26,5.612989e-16
2013-09-03,269.86536,9.327848e-08,1.2247932e-12,3.9635396e-11,2.4940574e-11,9.9999965e-26,1.4210855e-14
2013-09-04,270.73282,9.390918e-08,8.109181e-13,1.11589436e-11,1.2813556e-11,9.999993e-26,2.366678e-13
2013-09-05,270.11032,9.495451e-08,1.0415973e-12,3.30449e-11,3.7135062e-11,9.999998e-26,1.9108766e-13
2013-09-06,269.01797,9.370965e-08,1.712285e-12,3.099895e-11,3.8002945e-11,9.999995e-26,9.999995e-26
2013-09-07,269.12268,9.378451e-08,3.9757523e-13,1.7685223e-11,2.8926793e-11,9.9999965e-26,9.999995e-26
2013-09-08,270.69537,9.8449426e-08,1.1567035e-12,1.3996349e-11,2.3357786e-11,9.999995e-26,7.52686e-14
2013-09-09,270.12708,1.0347898e-07,1.2330743e-12,1.7254555e-11,2.5087403e-11,9.999996e-26,2.0205929e-13
2013-09-10,268.88983,9.912559e-08,9.0129147e-13,1.611135e-11,1.616763e-11,9.999995e-26,1.5337182e-13
2013-09-11,267.6777,9.6381456e-08,1.1983854e-12,1.6204777e-11,6.3845457e-12,9.999995e-26,2.1316282e-14
2013-09-12,266.98798,9.57529e-08,6.3596096e-13,1.0630181e-11,1.1554165e-11,9.999995e-26,9.999993e-26
2013-09-13,265.72678,9.5538354e-08,4.7298304e-13,7.323426e-12,1.3714209e-11,9.999993e-26,9.999995e-26
2013-09-14,263.55652,9.4566e-08,2.7980686e-13,5.087324e-12,3.4404927e-12,9.999994e-26,9.999993e-26
2013-09-15,263.66803,9.4608765e-08,3.2769008e-13,4.8571936e-12,7.835961e-12,9.999995e-26,9.999993e-26
2013-09-16,264.64136,9.570692e-08,3.619108e-13,7.913193e-12,1.34107e-11,9.999995e-26,9.9999946e-26
2013-09-17,266.14316,9.7394285e-08,3.818414e-13,5.6618304e-12,1.1829779e-11,9.999993e-26,7.386383e-14
2013-09-18,264.16302,9.684291e-08,4.1791673e-13,6.221788e-12,1.3525948e-11,9.999995e-26,9.8773596e-14
2013-09-19,261.55853,9.7417725e-08,3.259024e-13,6.6435846e-12,3.578572e-12,9.999993e-26,5.684342e-14
2013-09-20,258.09216,9.557746e-08,2.0734334e-13,9.566979e-12,1.5897467e-11,9.9999965e-26,1.4047767e-15
2013-09-21,258.71454,9.352446e-08,2.1261405e-13,4.365822e-12,7.0527043e-12,9.999995e-26,9.999994e-26
2013-09-22,257.48004,9.373202e-08,8.456274e-14,5.5637166e-12,5.736579e-12,9.9999965e-26,9.999993e-26
2013-09-23,257.68576,9.553703e-08,1.9916482e-12,2.3111697e-11,5.975282e-12,9.999995e-26,9.999995e-26
2013-09-24,254.63771,9.601923e-08,1.0878284e-12,5.1848054e-11,8.1012246e-12,9.9999903e-26,9.999995e-26
2013-09-25,258.34155,9.449328e-08,2.3398015e-13,2.0706773e-11,7.651813e-12,9.999995e-26,9.9999903e-26
2013-09-26,259.0927,9.3182315e-08,7.116075e-13,2.177593e-11,1.0332821e-11,9.999993e-26,9.999995e-26
2013-09-27,259.02972,9.306016e-08,1.11472816e-13,6.871195e-11,9.8789865e-12,9.999993e-26,9.999993e-26
2013-09-28,261.6134,9.199255e-08,3.0964672e-14,1.390192e-10,2.6083477e-11,9.9999965e-26,9.999993e-26
2013-09-29,256.7151,9.011117e-08,9.999993e-26,6.211871e-11,2.4937007e-11,9.9999965e-26,9.999995e-26
2013-09-30,257.4648,9.014253e-08,9.999993e-26,8.00371e-12,2.2962562e-11,9.999993e-26,9.9999965e-26
2013-10-01,262.66626,9.0249614e-08,9.999995e-26,3.3827492e-12,3.3600078e-11,9.999995e-26,9.999995e-26
2013-10-02,263.00058,9.2873236e-08,9.999995e-26,3.0555354e-12,1.3958886e-11,9.999996e-26,7.0238836e-16
2013-10-03,260.83472,9.4449845e-08,9.999993e-26,2.3053506e-12,2.369791e-12,9.9999903e-26,1.1832138e-13
2013-10-04,261.02615,9.487722e-08,9.999995e-26,2.7381175e-12,3.0519114e-12,9.999995e-26,1.775792e-13
2013-10-05,261.14407,9.379355e-08,9.9999903e-26,2.3139145e-12,4.355862e-12,9.999995e-26,1.2385868e-14
2013-10-06,260.97253,9.3276306e-08,9.999993e-26,2.0712032e-12,4.6883664e-12,9.999993e-26,9.999993e-26
2013-10-07,256.58157,9.192688e-08,9.999995e-26,2.5559836e-12,4.7741576e-12,9.9999965e-26,9.999995e-26
2013-10-08,255.13832,9.2164385e-08,9.999995e-26,8.772165e-11,1.51648e-11,9.999993e-26,9.999995e-26
2013-10-09,258.454,9.228847e-08,9.9999903e-26,4.1650915e-11,3.8063098e-11,9.9999965e-26,1.4493034e-14
2013-10-10,259.38147,9.95545e-08,9.999993e-26,2.6460125e-12,5.540259e-12,9.999993e-26,4.6984924e-14
2013-10-11,256.53888,9.644721e-08,9.999988e-26,1.5887545e-12,3.2346567e-12,9.999993e-26,4.2632564e-14
2013-10-12,252.01007,9.4984685e-08,9.9999903e-26,1.0581445e-12,5.353693e-12,9.999993e-26,1.6035841e-14
2013-10-13,251.28914,9.3826316e-08,9.999993e-26,1.2277742e-12,7.668602e-12,9.9999965e-26,2.0106023e-14
2013-10-14,250.02687,9.312104e-08,9.9999903e-26,6.8243935e-12,1.5631515e-11,9.999995e-26,1.8249863e-15
2013-10-15,249.97536,9.371157e-08,9.999993e-26,1.2986699e-12,2.470713e-11,9.999995e-26,9.9999903e-26
2013-10-16,250.19225,9.323841e-08,9.999993e-26,1.156592e-12,2.9653224e-11,9.999995e-26,9.9999903e-26
2013-10-17,252.30786,9.284567e-08,9.999988e-26,1.7085655e-12,1.130833e-11,9.999994e-26,9.999993e-26
2013-10-18,257.8558,9.246598e-08,9.999993e-26,2.684619e-12,2.3217789e-11,9.9999965e-26,9.999995e-26
2013-10-19,260.8556,9.063943e-08,9.9999903e-26,1.1478721e-11,1.1233943e-11,9.999993e-26,9.999993e-26
2013-10-20,261.87738,9.165504e-08,9.999995e-26,2.9020862e-11,2.2184213e-11,9.999995e-26,9.9999903e-26
2013-10-21,262.4479,9.284099e-08,9.999995e-26,5.5437953e-11,1.4488124e-11,9.999997e-26,9.9999903e-26
2013-10-22,264.1056,9.321852e-08,9.9999903e-26,5.728617e-11,2.4125351e-11,9.999995e-26,9.9999903e-26
2013-10-23,259.64734,9.438588e-08,9.999993e-26,8.966145e-12,4.7958637e-11,9.999995e-26,9.9999965e-26
2013-10-24,255.88193,9.385375e-08,9.9999903e-26,3.7746386e-12,1.958659e-11,9.999995e-26,9.9999965e-26
2013-10-25,256.11517,9.5585165e-08,9.9999903e-26,3.978555e-12,4.0630478e-11,9.999993e-26,9.9999903e-26
2013-10-26,252.95578,9.880176e-08,9.999993e-26,5.7574015e-12,3.6069692e-11,9.999995e-26,9.999995e-26
2013-10-27,250.4249,9.695969e-08,9.999993e-26,2.7652683e-12,2.8229639e-11,9.999995e-26,9.9999965e-26
2013-10-28,251.13608,9.887005e-08,9.999993e-26,1.3025529e-12,2.9723047e-11,9.999995e-26,9.999995e-26
2013-10-29,248.90256,9.6887945e-08,9.999993e-26,5.467865e-13,3.8076e-11,9.999993e-26,9.999995e-26
2013-10-30,245.38583,9.830323e-08,9.999993e-26,5.1587174e-13,2.7872885e-11,9.999995e-26,9.999995e-26
2013-10-31,244.13107,9.7892e-08,9.999993e-26,3.1717836e-13,3.001685e-11,9.999995e-26,9.999993e-26
2013-11-01,242.53194,9.5488076e-08,9.999993e-26,2.2662562e-12,2.0678279e-11,9.9999965e-26,9.999995e-26
2013-11-02,243.77365,9.4969025e-08,9.9999903e-26,1.440033e-11,3.719109e-11,9.999995e-26,9.999995e-26
2013-11-03,249.35352,9.630262e-08,9.9999903e-26,1.3358472e-11,1.1754896e-10,9.999995e-26,9.999995e-26
2013-11-04,245.60152,9.595862e-08,9.9999903e-26,8.185798e-12,5.866948e-11,9.999993e-26,9.999995e-26
2013-11-05,248.83939,9.644407e-08,9.999995e-26,2.2119548e-11,6.1735714e-11,9.999995e-26,9.999995e-26
2013-11-06,248.47255,9.7278466e-08,9.999993e-26,4.9362694e-11,3.9673872e-11,9.999995e-26,9.999995e-26
2013-11-07,255.57599,1.0114852e-07,9.999993e-26,1.4532188e-10,7.1451685e-11,9.999995e-26,1.30882565e-14
2013-11-08,250.06963,1.05601465e-07,9.999993e-26,2.0230592e-11,6.233862e-11,9.999995e-26,2.842171e-14
2013-11-09,250.66658,1.03714314e-07,9.999993e-26,7.739038e-11,6.5911956e-11,9.999995e-26,1.4210855e-14
2013-11-10,253.86218,1.02794765e-07,9.9999903e-26,4.9595772e-11,6.38468e-11,9.999995e-26,9.999993e-26
2013-11-11,250.6484,1.0151882e-07,9.999995e-26,1.7481442e-11,3.2341876e-11,9.999995e-26,9.999993e-26
2013-11-12,252.26904,1.0097497e-07,9.999993e-26,9.334779e-11,5.3944557e-11,9.999995e-26,9.999995e-26
2013-11-13,251.33974,1.009663e-07,9.999995e-26,1.10727656e-10,6.136323e-11,9.9999965e-26,9.999995e-26
2013-11-14,247.22234,9.9021776e-08,9.999993e-26,4.7882465e-11,4.2187743e-11,9.999993e-26,9.999993e-26
2013-11-15,245.75165,9.812634e-08,9.9999903e-26,4.489115e-12,7.722793e-11,9.999995e-26,9.999993e-26
2013-11-16,244.30843,9.762457e-08,9.999993e-26,2.5697502e-12,5.4475174e-11,9.999993e-26,9.999995e-26
2013-11-17,247.99725,9.909498e-08,9.999993e-26,5.4769342e-11,4.4961708e-11,9.999995e-26,9.999993e-26
2013-11-18,251.93007,1.0137973e-07,9.999993e-26,6.858042e-11,8.379443e-11,9.999995e-26,9.999995e-26
2013-11-19,249.94064,1.0339637e-07,9.999993e-26,5.9114805e-12,5.7720044e-11,9.999993e-26,9.99999e-26
2013-11-20,247.79259,1.06474495e-07,9.999993e-26,3.0568686e-12,4.4154784e-11,9.999995e-26,1.2385868e-14
2013-11-21,250.27097,1.0456298e-07,9.999993e-26,3.058196e-11,5.186581e-11,9.999995e-26,9.9999903e-26
2013-11-22,250.78871,1.0240519e-07,9.999993e-26,4.1122987e-11,7.312989e-11,9.999994e-26,9.999995e-26
2013-11-23,244.34552,1.0046955e-07,9.999988e-26,2.2848237e-11,6.3631954e-11,9.999995e-26,9.999995e-26
2013-11-24,244.82765,9.7998495e-08,9.999995e-26,1.0003666e-11,5.1284522e-11,9.999995e-26,9.999995e-26
2013-11-25,247.16208,1.0303152e-07,9.999995e-26,4.5360924e-12,9.5649696e-11,9.999993e-26,9.999988e-26
2013-11-26,248.01746,1.0616853e-07,9.999988e-26,5.825673e-12,8.671447e-11,9.9999965e-26,9.999995e-26
2013-11-27,245.00102,1.0741246e-07,9.999993e-26,4.1803653e-12,9.062624e-11,9.999993e-26,9.999995e-26
2013-11-28,245.06163,1.07726905e-07,9.999995e-26,1.1887069e-11,9.9134694e-11,9.999994e-26,9.999993e-26
2013-11-29,249.09015,1.0740948e-07,9.9999854e-26,1.8940991e-11,1.16352435e-10,9.999995e-26,9.9999965e-26
2013-11-30,248.9151,1.1033925e-07,9.999988e-26,3.9442434e-12,2.0029733e-10,9.999998e-26,9.9999903e-26
2013-12-01,248.61969,1.0819851e-07,9.999995e-26,1.21300504e-11,1.1797645e-10,9.9999965e-26,9.999995e-26
2013-12-02,251.9413,1.03898905e-07,9.999993e-26,4.9799522e-11,1.1686921e-10,9.999995e-26,9.999995e-26
2013-12-03,250.15729,1.0561479e-07,9.9999903e-26,7.0715586e-12,1.5667706e-10,9.999994e-26,9.999993e-26
2013-12-04,250.82523,1.069639e-07,9.999988e-26,4.301327e-12,1.3858223e-10,9.9999965e-26,9.9999903e-26
2013-12-05,247.55818,1.08143226e-07,9.999993e-26,3.009868e-11,1.0238112e-10,9.999995e-26,9.999995e-26
2013-12-06,247.60422,1.0828429e-07,9.999995e-26,1.2063003e-10,9.7270136e-11,9.9999965e-26,9.999995e-26
2013-12-07,243.82698,1.0984548e-07,9.999993e-26,3.5344307e-11,1.3769917e-10,9.999995e-26,9.9999903e-26
2013-12-08,247.3709,1.1133752e-07,9.999995e-26,1.155287e-11,1.529043e-10,9.9999965e-26,9.9999903e-26
2013-12-09,245.44724,1.1179178e-07,9.999993e-26,5.328716e-12,1.8653423e-10,9.999993e-26,9.999995e-26
2013-12-10,239.9123,1.11870015e-07,9.999988e-26,3.0301779e-12,1.9189031e-10,9.999995e-26,9.999995e-26
2013-12-11,241.12213,1.11011644e-07,9.9999903e-26,1.3246704e-12,1.3932501e-10,9.9999965e-26,9.9999946e-26
2013-12-12,243.8797,1.1225483e-07,9.9999903e-26,1.2008929e-11,2.2088564e-10,9.9999965e-26,1.4047767e-15
2013-12-13,244.10559,1.1080666e-07,9.9999903e-26,4.293562e-12,1.8145911e-10,9.999995e-26,3.8562384e-14
2013-12-14,245.48645,1.1117635e-07,9.999993e-26,4.0485883e-12,1.5444897e-10,9.999994e-26,7.233355e-14
2013-12-15,245.01828,1.1408602e-07,9.999993e-26,8.554152e-12,1.4511262e-10,9.999993e-26,9.999993e-26
2013-12-16,247.46191,1.127596e-07,9.999995e-26,2.9098176e-12,1.3263789e-10,9.999995e-26,7.0238836e-16
2013-12-17,245.04942,1.11814074e-07,9.999993e-26,8.201897e-13,1.355013e-10,9.999995e-26,7.0238836e-16
2013-12-18,247.64034,1.1419685e-07,9.999988e-26,7.8902336e-13,1.4596242e-10,9.999995e-26,9.999995e-26
2013-12-19,247.14867,1.1124705e-07,9.9999903e-26,1.0697748e-12,1.0339852e-10,9.999993e-26,9.999993e-26
2013-12-20,246.08423,1.1237762e-07,9.999993e-26,7.522309e-12,1.0491969e-10,9.999993e-26,9.999993e-26
2013-12-21,248.81627,1.1192728e-07,9.999988e-26,2.180186e-11,7.305136e-11,9.999998e-26,9.999995e-26
2013-12-22,245.96478,1.1057605e-07,9.9999903e-26,1.289457e-10,6.2851606e-11,9.9999965e-26,9.999993e-26
2013-12-23,244.48904,1.0776446e-07,9.999988e-26,2.5663574e-11,7.274408e-11,9.999995e-26,9.9999903e-26
2013-12-24,243.93161,1.0795331e-07,9.999988e-26,4.4126174e-12,8.147626e-11,9.999995e-26,9.999995e-26
2013-12-25,243.25128,1.0930442e-07,9.999993e-26,5.890727e-12,8.755008e-11,9.9999965e-26,9.9999903e-26
2013-12-26,244.62057,1.10406866e-07,9.9999903e-26,5.9059498e-12,1.4802279e-10,9.9999965e-26,9.999995e-26
2013-12-27,244.58954,1.1387059e-07,9.999993e-26,6.0481928e-12,3.3707015e-10,9.9999965e-26,9.999995e-26
2013-12-28,242.73274,1.14077835e-07,9.9999903e-26,3.8893073e-12,3.10167e-10,9.9999983e-26,9.999995e-26
2013-12-29,245.31917,1.1676765e-07,9.999993e-26,5.783672e-12,3.8708967e-10,9.9999903e-26,9.999995e-26
2013-12-30,243.7062,1.1495312e-07,9.999993e-26,2.350619e-12,3.1259473e-10,9.999995e-26,9.999993e-26
2013-12-31,242.471,1.15916365e-07,9.999995e-26,7.404921e-12,3.155607e-10,9.999995e-26,9.999993e-26
