date,t,co
2011-01-01,275.08624,1.4364076e-07
2011-01-02,271.42758,1.7093873e-07
2011-01-03,270.7724,1.8862235e-07
2011-01-04,272.70825,2.0204986e-07
2011-01-05,268.43475,2.3525183e-07
2011-01-06,272.5142,2.1760123e-07
2011-01-07,275.68384,2.0464033e-07
2011-01-08,278.43185,2.2798635e-07
2011-01-09,277.9967,1.9044832e-07
2011-01-10,273.919,2.3836151e-07
2011-01-11,272.5067,3.0032623e-07
2011-01-12,276.16907,1.952357e-07
2011-01-13,275.83707,2.7443022e-07
2011-01-14,281.51346,1.7870696e-07
2011-01-15,280.83765,1.6285733e-07
2011-01-16,280.9416,1.9207181e-07
2011-01-17,279.43994,2.4510092e-07
2011-01-18,278.36505,2.447139e-07
2011-01-19,276.05627,2.1453917e-07
2011-01-20,273.6222,1.6927379e-07
2011-01-21,272.77246,1.8188554e-07
2011-01-22,272.5949,1.9395839e-07
2011-01-23,273.0637,1.9861648e-07
2011-01-24,273.78262,2.2324768e-07
2011-01-25,274.9623,1.6831673e-07
2011-01-26,273.30557,1.8383427e-07
2011-01-27,271.7388,1.6771767e-07
2011-01-28,270.98834,2.0307493e-07
2011-01-29,270.6045,2.9220337e-07
2011-01-30,271.40033,2.6094233e-07
2011-01-31,269.72565,2.60656e-07
2011-02-01,269.24435,2.4229658e-07
2011-02-02,273.21246,2.4752197e-07
2011-02-03,275.62268,2.1354123e-07
2011-02-04,277.94366,1.7568742e-07
2011-02-05,282.2888,1.3606646e-07
2011-02-06,280.52106,1.5397202e-07
2011-02-07,281.15735,1.5126042e-07
2011-02-08,280.0016,1.521162e-07
2011-02-09,275.37408,1.9143772e-07
2011-02-10,276.46985,2.5430685e-07
2011-02-11,278.41925,1.9177278e-07
2011-02-12,272.4506,1.6147347e-07
2011-02-13,272.82172,1.7412074e-07
2011-02-14,272.0069,1.7967989e-07
2011-02-15,271.30704,1.9611875e-07
2011-02-16,272.20328,2.163415e-07
2011-02-17,271.5218,2.1945081e-07
2011-02-18,271.2566,2.0734966e-07
2011-02-19,270.5319,1.7736295e-07
2011-02-20,269.359,1.5416714e-07
2011-02-21,267.83426,1.6552926e-07
2011-02-22,265.51083,1.8390837e-07
2011-02-23,265.44543,1.8787365e-07
2011-02-24,267.55576,2.0811738e-07
2011-02-25,269.0263,2.3452814e-07
2011-02-26,271.56967,2.3645482e-07
2011-02-27,272.11102,2.567067e-07
2011-02-28,274.80167,3.3510923e-07
2011-03-01,273.22668,2.4373708e-07
2011-03-02,272.29608,2.1968748e-07
2011-03-03,272.76828,2.2837828e-07
2011-03-04,271.94934,2.1471959e-07
2011-03-05,274.24722,1.6818205e-07
2011-03-06,273.33374,1.6960296e-07
2011-03-07,272.1706,2.1758309e-07
2011-03-08,274.56915,2.0952785e-07
2011-03-09,278.21936,2.4312686e-07
2011-03-10,278.6778,1.7046665e-07
2011-03-11,279.43698,1.5408023e-07
2011-03-12,278.8573,1.9874439e-07
2011-03-13,281.40042,2.7990637e-07
2011-03-14,281.5824,4.5828114e-07
2011-03-15,278.64996,2.477529e-07
2011-03-16,276.26242,1.9341445e-07
2011-03-17,276.25626,1.8944928e-07
2011-03-18,275.90463,2.0071528e-07
2011-03-19,277.40292,1.6564935e-07
2011-03-20,276.98315,1.6644015e-07
2011-03-21,278.28772,2.0584572e-07
2011-03-22,281.4922,1.9703448e-07
2011-03-23,280.3224,1.5410558e-07
2011-03-24,281.83304,1.457297e-07
2011-03-25,280.9395,1.4730023e-07
2011-03-26,277.58517,1.5486243e-07
2011-03-27,275.56052,1.8043141e-07
2011-03-28,277.00433,1.8338721e-07
2011-03-29,278.32507,1.6620143e-07
2011-03-30,280.932,2.9421838e-07
2011-03-31,282.67343,2.0907822e-07
2011-04-01,285.92743,1.3542048e-07
2011-04-02,288.13724,1.5736533e-07
2011-04-03,287.71582,1.7770732e-07
2011-04-04,283.3355,1.609439e-07
2011-04-05,283.09756,1.8050956e-07
2011-04-06,285.62604,1.6194937e-07
2011-04-07,286.64832,1.3566752e-07
2011-04-08,282.34262,1.4252973e-07
2011-04-09,281.55322,1.4676114e-07
2011-04-10,283.12598,1.730032e-07
2011-04-11,285.7478,2.1182123e-07
2011-04-12,282.09387,1.7860852e-07
2011-04-13,278.21674,1.5098426e-07
2011-04-14,279.44855,1.6048278e-07
2011-04-15,281.28073,1.81114e-07
2011-04-16,283.53912,2.2974432e-07
2011-04-17,284.28284,1.9853871e-07
2011-04-18,284.71225,2.5375812e-07
2011-04-19,286.51404,2.0228195e-07
2011-04-20,287.81467,1.6739273e-07
2011-04-21,288.1012,2.1372799e-07
2011-04-22,289.1132,1.9004683e-07
2011-04-23,289.93262,1.7081172e-07
2011-04-24,288.1462,1.7700152e-07
2011-04-25,285.77026,1.8366211e-07
2011-04-26,286.46774,1.9726285e-07
2011-04-27,287.3469,2.126807e-07
2011-04-28,288.0125,1.9186957e-07
2011-04-29,287.07755,1.7945194e-07
2011-04-30,284.04773,1.4866332e-07
2011-05-01,281.78815,1.4641036e-07
2011-05-02,280.06998,1.4584793e-07
2011-05-03,279.42957,1.413953e-07
2011-05-04,280.27026,1.6572321e-07
2011-05-05,282.25937,1.5705817e-07
2011-05-06,286.47876,1.7498068e-07
2011-05-07,288.6838,1.7597243e-07
2011-05-08,288.54172,1.5387658e-07
2011-05-09,290.89142,1.7037465e-07
2011-05-10,292.71252,1.7474288e-07
2011-05-11,292.4557,2.0912222e-07
2011-05-12,289.4698,1.7847974e-07
2011-05-13,286.74997,1.2753623e-07
2011-05-14,287.43286,1.5740758e-07
2011-05-15,284.57492,1.296411e-07
2011-05-16,283.73282,1.3065919e-07
2011-05-17,286.49,1.2057997e-07
2011-05-18,288.75833,1.3570221e-07
2011-05-19,290.84995,1.4994949e-07
2011-05-20,289.18634,1.3588618e-07
2011-05-21,289.7541,1.3973212e-07
2011-05-22,291.86133,1.3654643e-07
2011-05-23,289.1688,1.3106731e-07
2011-05-24,288.874,1.371823e-07
2011-05-25,286.8214,1.2626712e-07
2011-05-26,290.78003,1.5184611e-07
2011-05-27,288.69586,1.3142466e-07
2011-05-28,286.83664,1.2234045e-07
2011-05-29,289.37384,1.2793586e-07
2011-05-30,295.06354,1.4219714e-07
2011-05-31,294.8,1.4176368e-07
2011-06-01,287.27554,1.1302467e-07
2011-06-02,288.47992,1.2615187e-07
2011-06-03,291.17725,1.2482069e-07
2011-06-04,292.9836,1.11046894e-07
2011-06-05,296.6602,1.2206644e-07
2011-06-06,297.5518,1.3222999e-07
2011-06-07,293.24667,1.4726741e-07
2011-06-08,292.83585,1.4377699e-07
2011-06-09,288.93652,1.1520219e-07
2011-06-10,289.25525,1.1976186e-07
2011-06-11,289.4687,1.4254796e-07
2011-06-12,289.39566,1.2893771e-07
2011-06-13,292.0509,1.3300709e-07
2011-06-14,292.33817,1.1416461e-07
2011-06-15,290.91943,1.2178054e-07
2011-06-16,293.7498,1.4886919e-07
2011-06-17,290.22934,1.1543262e-07
2011-06-18,290.41113,1.1967444e-07
2011-06-19,287.82907,1.09695925e-07
2011-06-20,288.30002,1.0403857e-07
2011-06-21,290.11395,1.16043346e-07
2011-06-22,292.05978,1.15433124e-07
2011-06-23,290.0328,1.0601121e-07
2011-06-24,287.43677,1.0276816e-07
2011-06-25,287.86243,9.9683646e-08
2011-06-26,289.543,1.110726e-07
2011-06-27,292.94684,1.2045413e-07
2011-06-28,293.3422,1.07032626e-07
2011-06-29,295.10388,1.11809015e-07
2011-06-30,289.3514,1.16624705e-07
2011-07-01,287.7803,9.485773e-08
2011-07-02,286.31708,9.642091e-08
2011-07-03,290.44308,1.314631e-07
2011-07-04,289.6061,1.3142437e-07
2011-07-05,291.45108,1.2111505e-07
2011-07-06,293.50616,1.18326916e-07
2011-07-07,293.885,1.3706375e-07
2011-07-08,293.15137,1.209677e-07
2011-07-09,295.0802,1.3052758e-07
2011-07-10,293.0594,1.0976905e-07
2011-07-11,291.672,1.0844207e-07
2011-07-12,292.9089,1.2172974e-07
2011-07-13,293.55536,1.1797566e-07
2011-07-14,290.93027,1.098506e-07
2011-07-15,288.8968,1.0143895e-07
2011-07-16,291.8888,1.0575364e-07
2011-07-17,293.2847,1.2148324e-07
2011-07-18,290.9886,1.0386623e-07
2011-07-19,291.86414,1.0703487e-07
2011-07-20,291.5459,1.1327203e-07
2011-07-21,289.8204,1.04832e-07
2011-07-22,287.1381,9.330397e-08
2011-07-23,287.4585,8.965287e-08
2011-07-24,287.7232,9.661829e-08
2011-07-25,287.49664,9.950037e-08
2011-07-26,289.81042,1.1800667e-07
2011-07-27,291.2249,1.06347315e-07
2011-07-28,290.7336,1.0717063e-07
2011-07-29,288.58923,9.7925756e-08
2011-07-30,289.8233,1.1068245e-07
2011-07-31,290.0137,1.2100601e-07
2011-08-01,291.6374,1.3451485e-07
2011-08-02,292.2925,1.2790274e-07
2011-08-03,293.52805,1.1365946e-07
2011-08-04,293.60043,1.2813396e-07
2011-08-05,293.5899,1.3870107e-07
2011-08-06,295.0196,1.39567e-07
2011-08-07,292.8769,1.1428216e-07
2011-08-08,289.51465,1.1092936e-07
2011-08-09,288.16196,9.281508e-08
2011-08-10,287.71457,8.687432e-08
2011-08-11,289.76932,9.810215e-08
2011-08-12,291.1301,1.0365753e-07
2011-08-13,290.5669,1.0839061e-07
2011-08-14,292.2165,1.4499362e-07
2011-08-15,290.97858,9.7671304e-08
2011-08-16,289.79633,1.0913095e-07
2011-08-17,291.74805,1.4120405e-07
2011-08-18,292.1718,1.3391086e-07
2011-08-19,292.1255,1.2316792e-07
2011-08-20,290.09134,1.05808645e-07
2011-08-21,292.71216,1.3585955e-07
2011-08-22,294.30618,1.3354341e-07
2011-08-23,290.81277,1.3588202e-07
2011-08-24,294.6955,1.4330958e-07
2011-08-25,293.77222,1.5337247e-07
2011-08-26,297.0724,1.4626696e-07
2011-08-27,291.4288,1.3390685e-07
2011-08-28,288.72943,1.04660444e-07
2011-08-29,287.65268,1.04516964e-07
2011-08-30,286.5117,9.147965e-08
2011-08-31,286.84442,1.02511166e-07
2011-09-01,287.15277,1.03773914e-07
2011-09-02,287.94788,1.4262436e-07
2011-09-03,292.13406,1.4703707e-07
2011-09-04,294.58975,1.5652137e-07
2011-09-05,291.96265,1.5177903e-07
2011-09-06,289.9312,1.0335784e-07
2011-09-07,288.59756,9.935996e-08
2011-09-08,286.30463,1.0168107e-07
2011-09-09,287.59387,1.04417644e-07
2011-09-10,290.93576,1.32059e-07
2011-09-11,294.66864,1.2378118e-07
2011-09-12,291.37665,1.1083793e-07
2011-09-13,291.60208,9.346336e-08
2011-09-14,288.05283,9.875824e-08
2011-09-15,287.37067,9.903057e-08
2011-09-16,285.52512,1.0792429e-07
2011-09-17,287.0564,1.4561451e-07
2011-09-18,288.13965,1.7399142e-07
2011-09-19,286.3473,1.284448e-07
2011-09-20,287.2318,1.3424253e-07
2011-09-21,288.26718,1.3786537e-07
2011-09-22,288.2772,1.2153798e-07
2011-09-23,286.1145,1.1951974e-07
2011-09-24,287.11328,1.5360929e-07
2011-09-25,288.15277,1.835323e-07
2011-09-26,290.0482,2.2634057e-07
2011-09-27,289.11087,1.5968526e-07
2011-09-28,287.66913,2.2328514e-07
2011-09-29,289.7082,1.8735514e-07
2011-09-30,290.71277,2.2019321e-07
2011-10-01,291.05215,2.2016337e-07
2011-10-02,290.39545,2.410167e-07
2011-10-03,290.80444,1.9198225e-07
2011-10-04,291.40955,1.6058706e-07
2011-10-05,289.11142,1.14587415e-07
2011-10-06,288.90268,1.0502186e-07
2011-10-07,283.27075,1.0296172e-07
2011-10-08,282.45065,1.00153606e-07
2011-10-09,282.10724,1.1463153e-07
2011-10-10,285.2755,1.2194717e-07
2011-10-11,285.78766,1.017405e-07
2011-10-12,283.36646,1.0473301e-07
2011-10-13,282.57162,1.11541745e-07
2011-10-14,280.4356,1.3477731e-07
2011-10-15,279.05713,1.8572266e-07
2011-10-16,280.10144,1.4794159e-07
2011-10-17,281.4053,1.8061661e-07
2011-10-18,282.8587,1.6620761e-07
2011-10-19,281.17694,1.2337252e-07
2011-10-20,279.95306,1.151824e-07
2011-10-21,279.75064,1.325314e-07
2011-10-22,279.4519,1.5585627e-07
2011-10-23,278.65503,1.6905011e-07
2011-10-24,280.40237,1.8094622e-07
2011-10-25,281.51898,1.5290414e-07
2011-10-26,283.59692,1.7418793e-07
2011-10-27,282.70593,2.195811e-07
2011-10-28,284.10147,1.9341769e-07
2011-10-29,284.1138,3.1154943e-07
2011-10-30,285.56885,2.4193326e-07
2011-10-31,286.15265,1.9036364e-07
2011-11-01,285.08948,2.1533714e-07
2011-11-02,283.37384,2.5230273e-07
2011-11-03,282.19202,2.1843628e-07
2011-11-04,281.49786,2.1791328e-07
2011-11-05,282.0586,2.2114982e-07
2011-11-06,282.24445,2.3328786e-07
2011-11-07,281.05914,2.478149e-07
2011-11-08,279.81296,2.6296178e-07
2011-11-09,279.16315,2.536519e-07
2011-11-10,277.02606,2.0340045e-07
2011-11-11,274.7245,1.5026393e-07
2011-11-12,274.54535,1.8679569e-07
2011-11-13,275.06458,2.7689939e-07
2011-11-14,273.3386,3.561534e-07
2011-11-15,274.24615,2.2399395e-07
2011-11-16,276.33096,1.7343469e-07
2011-11-17,273.10498,2.680232e-07
2011-11-18,274.35968,3.15953e-07
2011-11-19,278.06216,3.595635e-07
2011-11-20,278.50385,4.5271355e-07
2011-11-21,275.5972,2.7001352e-07
2011-11-22,274.32,2.4410232e-07
2011-11-23,274.9427,3.49858e-07
2011-11-24,278.75726,3.3744155e-07
2011-11-25,279.54584,2.1758018e-07
2011-11-26,280.28558,1.4577029e-07
2011-11-27,282.33594,1.458513e-07
2011-11-28,280.00873,1.4194767e-07
2011-11-29,276.63705,2.043833e-07
2011-11-30,279.75693,1.6484451e-07
2011-12-01,277.91718,1.852848e-07
2011-12-02,281.40936,1.5828144e-07
2011-12-03,277.98138,1.54307e-07
2011-12-04,279.21408,1.3639857e-07
2011-12-05,276.91962,1.427627e-07
2011-12-06,275.58072,1.4496456e-07
2011-12-07,275.9602,1.5166968e-07
2011-12-08,277.64062,1.4391583e-07
2011-12-09,279.02725,1.3457543e-07
2011-12-10,276.06024,1.4026759e-07
2011-12-11,276.06934,1.6643914e-07
2011-12-12,276.4303,1.7730898e-07
2011-12-13,277.5061,1.4577697e-07
2011-12-14,279.1596,1.396954e-07
2011-12-15,277.60794,1.3942262e-07
2011-12-16,276.4732,1.5546829e-07
2011-12-17,275.75555,1.5109028e-07
2011-12-18,275.75977,1.4263115e-07
2011-12-19,274.84344,1.5261838e-07
2011-12-20,273.86246,1.7912748e-07
2011-12-21,275.18332,1.7868376e-07
2011-12-22,275.43057,1.8439032e-07
2011-12-23,279.93015,1.7809495e-07
2011-12-24,279.0682,1.4348768e-07
2011-12-25,278.14465,1.7257686e-07
2011-12-26,282.42764,1.5902033e-07
2011-12-27,282.38574,1.588656e-07
2011-12-28,280.09293,1.8985466e-07
2011-12-29,278.84583,1.6658538e-07
2011-12-30,276.62744,1.4945563e-07
2011-12-31,275.90372,1.62808e-07
2012-01-01,279.30176,1.9852806e-07
2012-01-02,282.49017,1.4988909e-07
2012-01-03,278.6704,1.540709e-07
2012-01-04,278.40515,1.3721446e-07
2012-01-05,277.8266,1.3934422e-07
2012-01-06,275.08298,1.54766e-07
2012-01-07,276.84476,1.5946654e-07
2012-01-08,277.755,1.4711401e-07
2012-01-09,276.849,1.849324e-07
2012-01-10,278.41888,1.4094022e-07
2012-01-11,279.8665,1.5922713e-07
2012-01-12,280.44977,1.4378763e-07
2012-01-13,276.02744,1.374913e-07
2012-01-14,275.30164,1.4682348e-07
2012-01-15,272.88815,1.6493959e-07
2012-01-16,274.51678,2.0992304e-07
2012-01-17,276.0231,1.7526618e-07
2012-01-18,274.66223,2.6037102e-07
2012-01-19,277.138,2.3390996e-07
2012-01-20,275.45474,1.4384575e-07
2012-01-21,275.32965,1.6535611e-07
2012-01-22,276.572,1.4430901e-07
2012-01-23,274.60385,2.0525272e-07
2012-01-24,272.61475,2.566586e-07
2012-01-25,272.4539,2.0958743e-07
2012-01-26,271.38672,2.21307e-07
2012-01-27,270.53284,2.013929e-07
2012-01-28,268.51715,2.3631857e-07
2012-01-29,267.89362,2.2144609e-07
2012-01-30,266.97757,1.8252413e-07
2012-01-31,264.98294,1.7925937e-07
2012-02-01,264.8464,1.7483234e-07
2012-02-02,264.08643,1.7361154e-07
2012-02-03,265.5889,1.9289342e-07
2012-02-04,264.3496,2.1796261e-07
2012-02-05,261.2383,2.673709e-07
2012-02-06,258.50647,2.1599843e-07
2012-02-07,262.5734,2.2353322e-07
2012-02-08,267.41223,1.8546413e-07
2012-02-09,269.27383,1.8494447e-07
2012-02-10,265.05804,1.7396047e-07
2012-02-11,265.41153,2.3031177e-07
2012-02-12,266.02673,2.2091764e-07
2012-02-13,270.82397,2.0795383e-07
2012-02-14,272.1716,2.389575e-07
2012-02-15,274.09317,1.3642892e-07
2012-02-16,273.12634,1.6036986e-07
2012-02-17,277.0854,1.548445e-07
2012-02-18,277.34515,1.9745895e-07
2012-02-19,277.41302,1.5541693e-07
2012-02-20,274.15228,1.4104896e-07
2012-02-21,275.04495,1.7358167e-07
2012-02-22,279.41644,1.7261924e-07
2012-02-23,280.09076,1.6035645e-07
2012-02-24,283.26257,1.4149822e-07
2012-02-25,278.47507,1.3784545e-07
2012-02-26,276.3326,1.5607958e-07
2012-02-27,274.07516,1.9881794e-07
2012-02-28,279.77155,1.8131394e-07
2012-02-29,281.59344,1.5032413e-07
2012-03-01,281.4945,1.8169682e-07
2012-03-02,278.73593,1.7019671e-07
2012-03-03,276.4405,1.9161476e-07
2012-03-04,276.10745,1.7114512e-07
2012-03-05,275.57672,1.7462276e-07
2012-03-06,273.2778,1.7372443e-07
2012-03-07,274.09332,1.9912264e-07
2012-03-08,276.11343,2.1173541e-07
2012-03-09,277.20645,1.6539227e-07
2012-03-10,281.25018,1.696452e-07
2012-03-11,280.09204,1.4368413e-07
2012-03-12,280.45215,1.3110461e-07
2012-03-13,280.37292,1.3111071e-07
2012-03-14,279.99542,1.3595874e-07
2012-03-15,279.8682,1.6616923e-07
2012-03-16,282.16757,2.4410795e-07
2012-03-17,282.70895,2.9777607e-07
2012-03-18,282.24103,2.6713272e-07
2012-03-19,279.7129,1.5627396e-07
2012-03-20,280.3996,1.7402886e-07
2012-03-21,283.557,1.6805099e-07
2012-03-22,283.55408,1.740255e-07
2012-03-23,283.17578,2.1311621e-07
2012-03-24,281.7508,2.5560587e-07
2012-03-25,280.66455,1.7686943e-07
2012-03-26,280.81592,2.2426767e-07
2012-03-27,283.14255,1.798236e-07
2012-03-28,284.74893,1.7283475e-07
2012-03-29,280.2983,1.459224e-07
2012-03-30,279.89746,1.3725504e-07
2012-03-31,277.93832,1.3334567e-07
2012-04-01,277.24927,1.5230786e-07
2012-04-02,278.1559,1.3894935e-07
2012-04-03,278.07645,1.6292165e-07
2012-04-04,276.5009,1.6276165e-07
2012-04-05,276.87402,1.6681074e-07
2012-04-06,277.1853,2.2585027e-07
2012-04-07,275.90503,1.5810554e-07
2012-04-08,275.3,1.583059e-07
2012-04-09,278.2398,1.804901e-07
2012-04-10,282.89868,1.733902e-07
2012-04-11,283.36502,1.711488e-07
2012-04-12,280.76392,2.1087273e-07
2012-04-13,280.09705,1.8353003e-07
2012-04-14,280.5906,2.3052246e-07
2012-04-15,280.9055,1.5864916e-07
2012-04-16,278.75867,1.5085938e-07
2012-04-17,278.17014,1.549208e-07
2012-04-18,281.32938,1.7435491e-07
2012-04-19,283.68402,1.8562946e-07
2012-04-20,284.31076,2.332342e-07
2012-04-21,283.95584,1.858364e-07
2012-04-22,282.4932,1.6920514e-07
2012-04-23,282.58762,1.705992e-07
2012-04-24,283.8084,1.790612e-07
2012-04-25,283.72577,1.8049164e-07
2012-04-26,288.1112,1.6475904e-07
2012-04-27,288.9455,1.5374908e-07
2012-04-28,291.1752,2.3541844e-07
2012-04-29,290.22562,1.938338e-07
2012-04-30,287.55884,1.7802049e-07
2012-05-01,287.78455,1.6794867e-07
2012-05-02,289.4529,1.5417973e-07
2012-05-03,288.44525,1.6894074e-07
2012-05-04,288.42688,1.6927149e-07
2012-05-05,283.12347,1.4939349e-07
2012-05-06,281.13272,1.4759823e-07
2012-05-07,282.25104,1.5936618e-07
2012-05-08,286.16644,1.690332e-07
2012-05-09,290.05646,1.58438e-07
2012-05-10,292.51877,1.359512e-07
2012-05-11,294.3319,1.192166e-07
2012-05-12,283.674,1.3645518e-07
2012-05-13,281.96054,1.4064469e-07
2012-05-14,284.86157,1.595081e-07
2012-05-15,285.51166,1.5296025e-07
2012-05-16,282.14444,1.4097904e-07
2012-05-17,281.50424,1.365e-07
2012-05-18,284.9209,1.5757381e-07
2012-05-19,288.9208,1.6015728e-07
2012-05-20,292.57202,1.6345344e-07
2012-05-21,294.73398,1.5636101e-07
2012-05-22,295.82874,1.4569505e-07
2012-05-23,293.42673,1.5571186e-07
2012-05-24,290.12292,1.2944706e-07
2012-05-25,288.90698,1.35638e-07
2012-05-26,289.28848,1.3861037e-07
2012-05-27,290.19513,1.3037344e-07
2012-05-28,291.19116,1.2868374e-07
2012-05-29,289.46844,1.2521477e-07
2012-05-30,285.89648,1.1951168e-07
2012-05-31,286.5419,1.2346013e-07
2012-06-01,285.49112,1.1885183e-07
2012-06-02,283.45102,1.149846e-07
2012-06-03,283.48904,1.2171081e-07
2012-06-04,284.6316,1.2664746e-07
2012-06-05,284.14587,1.1802882e-07
2012-06-06,285.5043,1.3032118e-07
2012-06-07,288.96924,1.3218659e-07
2012-06-08,291.7948,1.1729904e-07
2012-06-09,290.49713,1.1451168e-07
2012-06-10,289.16266,1.2249365e-07
2012-06-11,289.82877,1.2384112e-07
2012-06-12,288.78818,1.381093e-07
2012-06-13,288.7265,1.2305856e-07
2012-06-14,287.10303,1.12849555e-07
2012-06-15,290.3614,1.4070062e-07
2012-06-16,291.63696,1.3083873e-07
2012-06-17,291.27753,1.0588223e-07
2012-06-18,293.9229,1.4191903e-07
2012-06-19,290.41806,1.1066289e-07
2012-06-20,289.54742,1.1232486e-07
2012-06-21,288.47937,1.08326674e-07
2012-06-22,291.42316,1.14244315e-07
2012-06-23,290.8854,1.08957245e-07
2012-06-24,290.00726,1.2991312e-07
2012-06-25,287.29947,1.02268785e-07
2012-06-26,287.35214,9.60707e-08
2012-06-27,287.40912,1.0278744e-07
2012-06-28,290.7986,1.304869e-07
2012-06-29,296.37292,1.1327889e-07
2012-06-30,295.71692,1.282767e-07
2012-07-01,293.81027,1.1734595e-07
2012-07-02,290.6661,1.0839941e-07
2012-07-03,291.18774,1.2144156e-07
2012-07-04,292.13123,1.1443353e-07
2012-07-05,293.00427,1.3108253e-07
2012-07-06,294.9438,1.3103067e-07
2012-07-07,293.06006,1.6374867e-07
2012-07-08,294.0449,1.4837853e-07
2012-07-09,292.714,1.11236176e-07
2012-07-10,292.44034,1.0983258e-07
2012-07-11,291.53162,1.2884553e-07
2012-07-12,288.1139,1.0404279e-07
2012-07-13,288.1651,1.07327935e-07
2012-07-14,288.79523,1.1420403e-07
2012-07-15,289.04102,1.0878003e-07
2012-07-16,288.3537,1.107541e-07
2012-07-17,288.77765,1.0354718e-07
2012-07-18,289.71954,1.05797064e-07
2012-07-19,288.9857,1.065054e-07
2012-07-20,288.55075,9.992618e-08
2012-07-21,287.44775,1.0817422e-07
2012-07-22,288.75006,1.0445567e-07
2012-07-23,291.5045,1.3588875e-07
2012-07-24,294.43863,1.392713e-07
2012-07-25,296.92496,1.4536192e-07
2012-07-26,296.27567,1.7403931e-07
2012-07-27,296.53546,1.5528869e-07
2012-07-28,295.79175,1.5670999e-07
2012-07-29,290.92194,1.288263e-07
2012-07-30,290.07828,1.2613084e-07
2012-07-31,289.9502,1.2708057e-07
2012-08-01,292.7932,1.4582446e-07
2012-08-02,295.73285,1.4360657e-07
2012-08-03,292.96417,1.2967048e-07
2012-08-04,293.57297,1.5945206e-07
2012-08-05,292.11133,1.579818e-07
2012-08-06,292.43164,1.5642402e-07
2012-08-07,290.33405,1.1745728e-07
2012-08-08,289.8938,1.13592904e-07
2012-08-09,289.50262,1.14941706e-07
2012-08-10,288.6506,1.1124057e-07
2012-08-11,289.25555,1.14569424e-07
2012-08-12,289.26556,1.2015903e-07
2012-08-13,289.67773,1.3245557e-07
2012-08-14,290.16428,1.3717154e-07
2012-08-15,290.2849,1.3881889e-07
2012-08-16,290.55484,1.5416343e-07
2012-08-17,291.65164,1.5865574e-07
2012-08-18,294.35428,1.6113071e-07
2012-08-19,298.9218,1.5824561e-07
2012-08-20,298.93018,1.5052069e-07
2012-08-21,294.44022,1.2423958e-07
2012-08-22,293.35324,1.3029464e-07
2012-08-23,291.72644,1.2627585e-07
2012-08-24,289.6798,1.7043662e-07
2012-08-25,290.9571,1.6424865e-07
2012-08-26,290.9217,1.3656579e-07
2012-08-27,289.14374,1.3053656e-07
2012-08-28,290.94025,1.5892512e-07
2012-08-29,292.80908,1.8194551e-07
2012-08-30,291.7605,1.705661e-07
2012-08-31,289.5517,1.6182409e-07
2012-09-01,288.616,1.4140306e-07
2012-09-02,289.23535,1.5612578e-07
2012-09-03,290.06842,1.7292807e-07
2012-09-04,290.57092,1.5851339e-07
2012-09-05,289.88004,1.375125e-07
2012-09-06,287.67877,1.2874678e-07
2012-09-07,288.7619,1.3625595e-07
2012-09-08,289.98212,1.1701107e-07
2012-09-09,290.68558,1.0631355e-07
2012-09-10,294.59305,1.5050202e-07
2012-09-11,293.1482,1.8724701e-07
2012-09-12,286.2749,1.30993e-07
2012-09-13,285.70032,1.4706347e-07
2012-09-14,287.063,1.4952393e-07
2012-09-15,287.0439,1.2650305e-07
2012-09-16,289.1999,1.466284e-07
2012-09-17,289.5932,1.5198869e-07
2012-09-18,290.34918,1.609164e-07
2012-09-19,285.27252,1.3174767e-07
2012-09-20,284.27286,1.4209509e-07
2012-09-21,285.61194,1.6241499e-07
2012-09-22,284.82068,1.6689945e-07
2012-09-23,283.80762,1.4857298e-07
2012-09-24,284.16895,1.6571677e-07
2012-09-25,288.08514,1.41796e-07
2012-09-26,288.76254,1.4787166e-07
2012-09-27,286.72577,1.4353633e-07
2012-09-28,286.02872,1.3929609e-07
2012-09-29,285.9391,1.4775034e-07
2012-09-30,284.60214,1.4027228e-07
2012-10-01,285.08572,1.8461415e-07
2012-10-02,286.0692,2.0092976e-07
2012-10-03,287.87537,1.599003e-07
2012-10-04,285.5125,1.3441917e-07
2012-10-05,284.14557,1.3603449e-07
2012-10-06,284.1168,1.357905e-07
2012-10-07,282.7212,1.2838446e-07
2012-10-08,283.28058,1.2682376e-07
2012-10-09,282.07092,1.3834551e-07
2012-10-10,280.84903,1.3478135e-07
2012-10-11,280.76273,1.6104676e-07
2012-10-12,280.27478,1.6922789e-07
2012-10-13,283.23593,1.4919218e-07
2012-10-14,282.02103,1.5414057e-07
2012-10-15,281.94635,1.6498844e-07
2012-10-16,281.4897,1.6233778e-07
2012-10-17,283.4601,1.5314694e-07
2012-10-18,286.99313,1.7070887e-07
2012-10-19,287.32843,2.0202289e-07
2012-10-20,287.75006,2.9266369e-07
2012-10-21,287.09473,2.4221254e-07
2012-10-22,285.24677,1.7685757e-07
2012-10-23,284.8449,1.7655711e-07
2012-10-24,284.20715,1.9143998e-07
2012-10-25,282.2994,1.4313693e-07
2012-10-26,277.754,1.3238302e-07
2012-10-27,275.79443,1.5692544e-07
2012-10-28,276.16,1.6492174e-07
2012-10-29,274.23462,1.9679658e-07
2012-10-30,276.48627,1.7779226e-07
2012-10-31,277.95093,1.763451e-07
2012-11-01,278.14935,1.7942611e-07
2012-11-02,280.48712,1.5005145e-07
2012-11-03,280.10925,1.4066626e-07
2012-11-04,280.31235,1.44793e-07
2012-11-05,280.21252,1.5129191e-07
2012-11-06,279.01083,1.4437653e-07
2012-11-07,281.2282,1.3357872e-07
2012-11-08,281.87952,1.5050374e-07
2012-11-09,281.55798,1.4248701e-07
2012-11-10,280.89975,1.8156945e-07
2012-11-11,281.86578,1.964582e-07
2012-11-12,280.35815,1.6541176e-07
2012-11-13,279.47025,1.8407681e-07
2012-11-14,277.56924,2.1643895e-07
2012-11-15,273.41602,2.711458e-07
2012-11-16,273.2272,2.737788e-07
2012-11-17,274.50266,2.5043724e-07
2012-11-18,275.8366,2.757675e-07
2012-11-19,278.07755,2.6949488e-07
2012-11-20,278.83386,2.6078402e-07
2012-11-21,279.69684,2.320443e-07
2012-11-22,280.06543,1.8936012e-07
2012-11-23,277.46,2.1332585e-07
2012-11-24,278.68427,1.9307252e-07
2012-11-25,280.25476,1.957589e-07
2012-11-26,280.25977,1.6537183e-07
2012-11-27,280.3474,2.0611724e-07
2012-11-28,277.66617,3.0563623e-07
2012-11-29,276.78516,1.9337435e-07
2012-11-30,274.93994,1.647156e-07
2012-12-01,273.59424,1.8742011e-07
2012-12-02,274.00327,2.0883206e-07
2012-12-03,273.12433,1.7691538e-07
2012-12-04,275.2514,1.5577784e-07
2012-12-05,271.79346,1.5403035e-07
2012-12-06,270.49683,1.706924e-07
2012-12-07,268.71393,1.9700829e-07
2012-12-08,267.98608,2.419235e-07
2012-12-09,270.14178,2.0404269e-07
2012-12-10,271.94995,2.0147138e-07
2012-12-11,270.50357,1.772558e-07
2012-12-12,268.2281,1.9904903e-07
2012-12-13,268.20154,2.4989387e-07
2012-12-14,268.7588,2.6918823e-07
2012-12-15,275.05017,2.2751966e-07
2012-12-16,276.13873,1.975869e-07
2012-12-17,274.7669,2.4002725e-07
2012-12-18,274.63828,2.8469867e-07
2012-12-19,273.96436,2.8808785e-07
2012-12-20,273.44968,2.4660463e-07
2012-12-21,270.13934,1.8052542e-07
2012-12-22,269.33154,2.10613e-07
2012-12-23,270.969,2.6168226e-07
2012-12-24,278.22174,1.7238347e-07
2012-12-25,281.17407,1.7703516e-07
2012-12-26,279.37042,1.6065707e-07
2012-12-27,279.24167,1.5714025e-07
2012-12-28,272.74152,1.5271866e-07
2012-12-29,277.86584,1.8484442e-07
2012-12-30,279.5647,1.6734884e-07
2012-12-31,280.37183,1.5025522e-07
2013-01-01,280.0888,1.6831129e-07
2013-01-02,277.67426,1.5911922e-07
2013-01-03,280.1964,1.5720563e-07
2013-01-04,280.2262,1.3531572e-07
2013-01-05,279.11102,1.4117346e-07
2013-01-06,278.86703,1.7384264e-07
2013-01-07,276.96338,2.156143e-07
2013-01-08,278.4038,2.4575942e-07
2013-01-09,279.5405,2.7581282e-07
2013-01-10,275.79562,1.5177704e-07
2013-01-11,272.08865,1.7529312e-07
2013-01-12,271.72504,1.814617e-07
2013-01-13,270.9513,2.1579129e-07
2013-01-14,269.34952,2.480401e-07
2013-01-15,268.7155,2.7327687e-07
2013-01-16,269.18155,2.715362e-07
2013-01-17,271.6404,2.1831889e-07
2013-01-18,270.79602,1.7325755e-07
2013-01-19,267.6589,1.748255e-07
2013-01-20,268.54715,2.1932573e-07
2013-01-21,268.79977,1.9505273e-07
2013-01-22,266.88635,1.9481325e-07
2013-01-23,268.13672,2.0618043e-07
2013-01-24,269.2954,2.227268e-07
2013-01-25,269.00287,2.2019718e-07
2013-01-26,265.80432,2.2667444e-07
2013-01-27,271.2884,2.5484323e-07
2013-01-28,275.88354,2.0159774e-07
2013-01-29,277.52722,1.7659363e-07
2013-01-30,281.96072,1.4592649e-07
2013-01-31,278.9406,1.4990566e-07
2013-02-01,277.70547,1.626111e-07
2013-02-02,274.24756,2.0386636e-07
2013-02-03,274.1484,1.767115e-07
2013-02-04,275.86728,1.6326662e-07
2013-02-05,275.97693,1.438175e-07
2013-02-06,273.61163,1.6901606e-07
2013-02-07,273.00168,1.8425378e-07
2013-02-08,271.7959,2.05327e-07
2013-02-09,270.86267,2.0881247e-07
2013-02-10,270.32318,1.9397535e-07
2013-02-11,270.61218,1.9162603e-07
2013-02-12,271.45166,2.1556232e-07
2013-02-13,271.3647,2.403431e-07
2013-02-14,272.13022,2.2201439e-07
2013-02-15,273.06104,2.3981903e-07
2013-02-16,273.97345,2.8034196e-07
2013-02-17,273.8136,2.5731367e-07
2013-02-18,273.9959,2.671212e-07
2013-02-19,273.4386,1.979479e-07
2013-02-20,271.7366,1.5962745e-07
2013-02-21,270.20984,1.6249804e-07
2013-02-22,270.0967,2.1259115e-07
2013-02-23,270.6276,2.0163726e-07
2013-02-24,273.15833,1.9612955e-07
2013-02-25,274.1377,1.9410174e-07
2013-02-26,273.5664,1.8979915e-07
2013-02-27,273.45572,2.1208041e-07
2013-02-28,274.30307,2.1086649e-07
2013-03-01,275.74014,1.63111e-07
2013-03-02,274.601,1.7429261e-07
2013-03-03,275.85974,1.4983675e-07
2013-03-04,275.33005,2.0995535e-07
2013-03-05,277.4874,2.1907512e-07
2013-03-06,277.58405,3.322835e-07
2013-03-07,277.0901,2.215373e-07
2013-03-08,274.71948,1.6838865e-07
2013-03-09,273.352,1.7504246e-07
2013-03-10,269.9038,1.76188e-07
2013-03-11,268.45502,1.7296084e-07
2013-03-12,268.54794,1.9139044e-07
2013-03-13,268.37744,2.3859042e-07
2013-03-14,268.6527,2.504448e-07
2013-03-15,270.20078,2.416248e-07
2013-03-16,270.6997,2.2294671e-07
2013-03-17,272.14264,1.8791685e-07
2013-03-18,272.71762,1.9625834e-07
2013-03-19,271.49548,1.9351062e-07
2013-03-20,271.67865,2.0223695e-07
2013-03-21,271.99866,2.1850387e-07
2013-03-22,269.86066,1.6995777e-07
2013-03-23,266.16394,1.6033798e-07
2013-03-24,267.01065,1.8357824e-07
2013-03-25,270.18726,1.664674e-07
2013-03-26,270.27032,1.6297476e-07
2013-03-27,271.2979,1.689082e-07
2013-03-28,272.3056,1.689542e-07
2013-03-29,272.8342,1.9961254e-07
2013-03-30,271.702,2.034578e-07
2013-03-31,271.9702,1.6429976e-07
2013-04-01,272.1219,1.696399e-07
2013-04-02,272.37378,1.8593158e-07
2013-04-03,273.01828,1.6869106e-07
2013-04-04,273.3678,1.7310127e-07
2013-04-05,274.19974,1.87684e-07
2013-04-06,275.2848,1.558382e-07
2013-04-07,275.82385,1.836674e-07
2013-04-08,276.0305,1.8785876e-07
2013-04-09,277.04596,1.6166611e-07
2013-04-10,277.52875,1.9249913e-07
2013-04-11,280.78137,2.0900097e-07
2013-04-12,282.29758,2.0445442e-07
2013-04-13,282.09537,1.6924449e-07
2013-04-14,283.94302,2.0521213e-07
2013-04-15,288.4755,1.8872765e-07
2013-04-16,287.2223,2.652378e-07
2013-04-17,288.28534,1.8585537e-07
2013-04-18,290.3848,1.6626863e-07
2013-04-19,284.3905,1.5830395e-07
2013-04-20,280.4982,1.4141521e-07
2013-04-21,282.26315,1.5818293e-07
2013-04-22,285.15332,1.939278e-07
2013-04-23,284.6101,1.807744e-07
2013-04-24,285.83597,1.3937584e-07
2013-04-25,287.03986,1.5330554e-07
2013-04-26,288.3614,1.6428842e-07
2013-04-27,280.07788,1.4050023e-07
2013-04-28,281.94858,1.5228953e-07
2013-04-29,284.0344,1.6196736e-07
2013-04-30,283.34576,1.5322453e-07
2013-05-01,283.5866,1.498212e-07
2013-05-02,284.464,1.5786839e-07
2013-05-03,283.62958,1.486184e-07
2013-05-04,285.54083,1.9393119e-07
2013-05-05,287.2766,1.5270852e-07
2013-05-06,289.12143,1.6152796e-07
2013-05-07,290.50424,1.560129e-07
2013-05-08,291.94946,1.6561542e-07
2013-05-09,290.6724,1.6819594e-07
2013-05-10,288.19644,1.6123143e-07
2013-05-11,286.92953,1.553114e-07
2013-05-12,285.7646,1.420478e-07
2013-05-13,284.77686,1.3491554e-07
2013-05-14,285.8694,1.3278992e-07
2013-05-15,290.8232,1.3790947e-07
2013-05-16,292.98547,1.4814992e-07
2013-05-17,294.9114,1.3256738e-07
2013-05-18,290.44885,1.4795167e-07
2013-05-19,287.9793,1.451385e-07
2013-05-20,287.69543,1.5986193e-07
2013-05-21,287.2068,1.5897298e-07
2013-05-22,283.7225,1.431631e-07
2013-05-23,282.60522,1.1739041e-07
2013-05-24,283.91302,1.3485545e-07
2013-05-25,283.12006,1.4392805e-07
2013-05-26,284.46783,1.4893251e-07
2013-05-27,285.94,1.5075568e-07
2013-05-28,285.38916,1.5094163e-07
2013-05-29,287.16992,1.50211e-07
2013-05-30,288.2245,1.570146e-07
2013-05-31,288.71234,1.3801437e-07
2013-06-01,288.44678,1.4884907e-07
2013-06-02,285.2797,1.2436921e-07
2013-06-03,285.44348,1.0858271e-07
2013-06-04,287.14722,1.2296819e-07
2013-06-05,287.79938,1.3188935e-07
2013-06-06,288.58417,1.213744e-07
2013-06-07,290.17752,1.2542905e-07
2013-06-08,290.61353,1.3176653e-07
2013-06-09,289.1444,1.07840876e-07
2013-06-10,288.76544,9.740836e-08
2013-06-11,289.52975,1.2719815e-07
2013-06-12,291.7719,1.2979996e-07
2013-06-13,293.72095,1.1896002e-07
2013-06-14,289.11572,1.01239266e-07
2013-06-15,291.14532,1.2443914e-07
2013-06-16,289.73538,1.1330029e-07
2013-06-17,291.03552,1.2353983e-07
2013-06-18,293.45312,1.1902772e-07
2013-06-19,297.34406,1.2796956e-07
2013-06-20,297.21796,1.3797704e-07
2013-06-21,295.11838,1.2412008e-07
2013-06-22,293.19788,1.1389732e-07
2013-06-23,292.71408,1.1210383e-07
2013-06-24,290.39392,1.0482668e-07
2013-06-25,285.95712,1.0128789e-07
2013-06-26,286.24548,8.6777696e-08
2013-06-27,286.37482,1.0018856e-07
2013-06-28,287.66763,1.2437971e-07
2013-06-29,287.75854,1.3748641e-07
2013-06-30,285.80927,1.0481301e-07
2013-07-01,290.31897,1.0667437e-07
2013-07-02,290.47018,1.08432815e-07
2013-07-03,293.33923,1.15011794e-07
2013-07-04,292.39734,1.2240989e-07
2013-07-05,293.04358,1.2723953e-07
2013-07-06,290.96164,1.1943285e-07
2013-07-07,291.3751,1.1951771e-07
2013-07-08,292.42557,1.3965476e-07
2013-07-09,292.93777,1.1706126e-07
2013-07-10,290.82425,1.3700898e-07
2013-07-11,290.06152,1.528801e-07
2013-07-12,290.75735,1.384622e-07
2013-07-13,291.66656,1.2266048e-07
2013-07-14,289.70667,1.1480059e-07
2013-07-15,290.5,1.2542891e-07
2013-07-16,292.7293,1.1249392e-07
2013-07-17,293.64746,1.16760546e-07
2013-07-18,294.33136,1.1415933e-07
2013-07-19,293.6583,1.0205185e-07
2013-07-20,293.53796,1.2427336e-07
2013-07-21,295.07202,1.4377413e-07
2013-07-22,296.6938,1.4957291e-07
2013-07-23,295.05127,1.18038564e-07
2013-07-24,294.72638,1.2534171e-07
2013-07-25,296.02194,1.6005582e-07
2013-07-26,297.28915,1.8755979e-07
2013-07-27,299.29553,1.7403633e-07
2013-07-28,300.6202,1.3823123e-07
2013-07-29,293.3129,1.3226526e-07
2013-07-30,293.37485,1.1557492e-07
2013-07-31,293.18436,1.1408318e-07
2013-08-01,294.64014,1.1602039e-07
2013-08-02,299.45312,1.0475216e-07
2013-08-03,299.19153,1.18904254e-07
2013-08-04,294.54404,1.0227762e-07
2013-08-05,294.95383,1.14611986e-07
2013-08-06,296.95312,1.3163604e-07
2013-08-07,293.64203,1.1714974e-07
2013-08-08,294.40527,1.4509457e-07
2013-08-09,291.2197,1.08740444e-07
2013-08-10,291.7443,1.3038276e-07
2013-08-11,290.18616,1.02974546e-07
2013-08-12,290.6605,1.12058764e-07
2013-08-13,288.8725,1.0841665e-07
2013-08-14,288.78702,9.02692e-08
2013-08-15,289.94424,1.0899797e-07
2013-08-16,293.8717,1.2569153e-07
2013-08-17,293.85526,1.3129032e-07
2013-08-18,293.56082,1.3044287e-07
2013-08-19,290.34402,1.1617031e-07
2013-08-20,289.88004,1.0997395e-07
2013-08-21,290.40942,1.4039603e-07
2013-08-22,291.2463,1.8862694e-07
2013-08-23,291.3575,1.2904198e-07
2013-08-24,291.12347,1.1464465e-07
2013-08-25,291.93988,1.2473983e-07
2013-08-26,290.51086,1.1807748e-07
2013-08-27,290.4433,1.2546931e-07
2013-08-28,291.1074,1.334758e-07
2013-08-29,291.10986,1.5498729e-07
2013-08-30,291.959,1.6409845e-07
2013-08-31,291.02994,1.2841781e-07
2013-09-01,287.59674,1.03838595e-07
2013-09-02,287.37665,1.069907e-07
2013-09-03,290.0805,1.041078e-07
2013-09-04,290.09464,1.0112746e-07
2013-09-05,291.09946,1.1307069e-07
2013-09-06,291.95923,1.2724954e-07
2013-09-07,292.21097,1.3259383e-07
2013-09-08,291.5412,1.447734e-07
2013-09-09,286.98294,1.4636421e-07
2013-09-10,285.93735,1.3285995e-07
2013-09-11,284.72647,1.3080887e-07
2013-09-12,285.8878,1.486519e-07
2013-09-13,287.359,1.5733985e-07
2013-09-14,288.86664,1.4547052e-07
2013-09-15,288.07178,1.2347613e-07
2013-09-16,286.59363,1.2273203e-07
2013-09-17,284.15097,1.1919461e-07
2013-09-18,282.97952,1.2661194e-07
2013-09-19,284.56577,1.252714e-07
2013-09-20,284.70535,1.4083832e-07
2013-09-21,285.94373,1.3775725e-07
2013-09-22,288.31555,1.204148e-07
2013-09-23,289.0605,8.4653266e-08
2013-09-24,286.49435,9.3868e-08
2013-09-25,283.45746,1.3627354e-07
2013-09-26,282.8608,1.2113489e-07
2013-09-27,283.12274,1.2864513e-07
2013-09-28,282.91867,1.4109405e-07
2013-09-29,282.62784,1.2646537e-07
2013-09-30,282.07556,1.3261747e-07
2013-10-01,282.56308,1.3305755e-07
2013-10-02,281.24417,1.4023382e-07
2013-10-03,280.2381,1.3116133e-07
2013-10-04,281.44882,1.3534948e-07
2013-10-05,282.35754,1.7186932e-07
2013-10-06,285.24576,1.5722618e-07
2013-10-07,286.4235,1.402122e-07
2013-10-08,286.10394,1.6698655e-07
2013-10-09,285.90884,1.3969816e-07
2013-10-10,283.32288,1.2401975e-07
2013-10-11,285.90692,1.547544e-07
2013-10-12,285.64728,1.4090324e-07
2013-10-13,283.2887,1.523615e-07
2013-10-14,283.03473,1.6492429e-07
2013-10-15,282.73972,1.8583009e-07
2013-10-16,282.7976,1.7174708e-07
2013-10-17,284.09283,1.4627655e-07
2013-10-18,282.65814,1.1766893e-07
2013-10-19,279.74362,1.448301e-07
2013-10-20,286.7224,1.5812496e-07
2013-10-21,286.85693,1.3947181e-07
2013-10-22,288.20093,1.642295e-07
2013-10-23,290.25943,1.5208488e-07
2013-10-24,287.013,1.2767285e-07
2013-10-25,283.8615,1.7214616e-07
2013-10-26,288.50183,1.5278431e-07
2013-10-27,288.3725,1.2065621e-07
2013-10-28,287.68698,1.11441054e-07
2013-10-29,285.3334,1.1526093e-07
2013-10-30,282.41074,1.2196139e-07
2013-10-31,280.98767,1.4425167e-07
2013-11-01,282.2586,1.5487302e-07
2013-11-02,281.83978,1.6881216e-07
2013-11-03,282.6914,1.390182e-07
2013-11-04,281.73282,1.2086534e-07
2013-11-05,280.08664,1.2471034e-07
2013-11-06,279.57397,1.3517025e-07
2013-11-07,282.3719,1.3757125e-07
2013-11-08,280.84366,1.7466004e-07
2013-11-09,281.92642,1.3915283e-07
2013-11-10,279.5614,1.3069602e-07
2013-11-11,278.87592,1.4341936e-07
2013-11-12,278.20862,1.5676733e-07
2013-11-13,280.0568,1.46171e-07
2013-11-14,278.17017,1.6749823e-07
2013-11-15,277.53253,1.6457099e-07
2013-11-16,277.73468,1.6562385e-07
2013-11-17,279.11578,1.9632355e-07
2013-11-18,278.64096,2.0528734e-07
2013-11-19,278.61026,2.2394637e-07
2013-11-20,277.85098,1.765309e-07
2013-11-21,275.7153,1.6953508e-07
2013-11-22,277.81754,1.6199952e-07
2013-11-23,278.9063,1.6531749e-07
2013-11-24,276.03464,1.4643322e-07
2013-11-25,274.73157,1.3218106e-07
2013-11-26,274.10458,1.4415902e-07
2013-11-27,274.02536,1.9156138e-07
2013-11-28,279.88278,1.2894576e-07
2013-11-29,277.6311,1.371323e-07
2013-11-30,277.53638,1.3210608e-07
2013-12-01,278.80722,1.302073e-07
2013-12-02,275.9407,1.6761683e-07
2013-12-03,273.3359,1.7563033e-07
2013-12-04,275.1308,2.0261254e-07
2013-12-05,276.10312,1.3733826e-07
2013-12-06,274.61957,1.139491e-07
2013-12-07,273.91785,1.2382796e-07
2013-12-08,275.402,1.7396933e-07
2013-12-09,280.8111,1.4945792e-07
2013-12-10,280.6999,1.7437978e-07
2013-12-11,278.20554,1.6543862e-07
2013-12-12,275.73383,1.6711681e-07
2013-12-13,276.19485,2.1422642e-07
2013-12-14,274.94058,2.3287423e-07
2013-12-15,277.7902,1.711172e-07
2013-12-16,278.91254,1.7739242e-07
2013-12-17,279.31223,1.9270318e-07
2013-12-18,277.18878,2.5459406e-07
2013-12-19,277.77795,1.8444402e-07
2013-12-20,277.3142,2.002199e-07
2013-12-21,277.8507,1.5391734e-07
2013-12-22,280.35193,1.7938238e-07
2013-12-23,279.81076,1.4120414e-07
2013-12-24,283.39594,1.7275273e-07
2013-12-25,282.21597,1.9704643e-07
2013-12-26,277.94733,2.634185e-07
2013-12-27,278.8662,1.8618765e-07
2013-12-28,281.46515,1.4779371e-07
2013-12-29,278.71994,1.7616918e-07
2013-12-30,276.99493,1.734497e-07
2013-12-31,275.2712,2.033084e-07
2014-01-01,274.4582,2.586264e-07
2014-01-02,276.60272,1.9887318e-07
2014-01-03,279.34167,1.8188537e-07
2014-01-04,280.28195,1.5944575e-07
2014-01-05,278.81564,2.0097733e-07
2014-01-06,277.8272,1.6981099e-07
2014-01-07,282.4699,1.486677e-07
2014-01-08,281.50204,1.625803e-07
2014-01-09,281.89948,1.6989371e-07
2014-01-10,279.37717,1.4657718e-07
2014-01-11,278.82318,1.7065204e-07
2014-01-12,277.43735,1.4978224e-07
2014-01-13,275.2072,2.2454002e-07
2014-01-14,276.8441,3.2116986e-07
2014-01-15,276.04977,2.981513e-07
2014-01-16,275.13812,2.6873892e-07
2014-01-17,277.59915,2.5504247e-07
2014-01-18,276.86633,2.4648992e-07
2014-01-19,274.0836,2.2863838e-07
2014-01-20,270.378,1.882848e-07
2014-01-21,269.83038,1.9020372e-07
2014-01-22,268.63263,1.8445378e-07
2014-01-23,267.6405,1.7236124e-07
2014-01-24,265.39392,2.0089576e-07
2014-01-25,262.11914,1.7496374e-07
2014-01-26,261.10596,1.793018e-07
2014-01-27,268.57776,2.478178e-07
2014-01-28,270.09802,2.6248802e-07
2014-01-29,266.1843,1.7884875e-07
2014-01-30,267.30838,2.0814782e-07
2014-01-31,270.34125,2.3458946e-07
2014-02-01,273.90637,2.7691271e-07
2014-02-02,274.74014,3.226819e-07
2014-02-03,273.9948,3.061368e-07
2014-02-04,273.9279,2.1281404e-07
2014-02-05,273.38196,2.545172e-07
2014-02-06,277.1121,2.0417099e-07
2014-02-07,279.71667,1.7644295e-07
2014-02-08,279.07407,1.6774464e-07
2014-02-09,278.90326,1.5595174e-07
2014-02-10,277.15576,1.7468562e-07
2014-02-11,276.67496,1.9512888e-07
2014-02-12,277.30884,1.8059222e-07
2014-02-13,278.1833,1.7115272e-07
2014-02-14,278.0349,1.7419745e-07
2014-02-15,281.1284,1.5718098e-07
2014-02-16,280.85864,1.5288585e-07
2014-02-17,278.1278,1.7916796e-07
2014-02-18,278.64172,2.2337177e-07
2014-02-19,278.3557,2.2165355e-07
2014-02-20,279.36304,1.8473172e-07
2014-02-21,280.00668,1.7800325e-07
2014-02-22,278.3404,1.6986473e-07
2014-02-23,278.5644,1.8204784e-07
2014-02-24,279.37628,2.0065471e-07
2014-02-25,279.81366,2.1630198e-07
2014-02-26,280.93024,2.7688293e-07
2014-02-27,279.73358,3.543812e-07
2014-02-28,277.69672,2.3075977e-07
2014-03-01,277.60535,2.657384e-07
2014-03-02,278.59512,2.3081628e-07
2014-03-03,279.00793,2.1007203e-07
2014-03-04,280.01407,2.1243335e-07
2014-03-05,279.4761,2.7765282e-07
2014-03-06,278.90433,1.9996915e-07
2014-03-07,279.41602,2.090583e-07
2014-03-08,280.09955,1.873105e-07
2014-03-09,282.04483,2.1560987e-07
2014-03-10,283.05316,2.455141e-07
2014-03-11,279.88593,2.2766277e-07
2014-03-12,279.8217,2.1374535e-07
2014-03-13,281.60217,3.5301417e-07
2014-03-14,279.78784,2.082301e-07
2014-03-15,281.26318,1.4627811e-07
2014-03-16,281.13394,1.3530487e-07
2014-03-17,282.305,1.262023e-07
2014-03-18,281.9279,1.4160281e-07
2014-03-19,281.72827,1.4160534e-07
2014-03-20,285.7486,1.6077776e-07
2014-03-21,287.28012,1.7714683e-07
2014-03-22,281.18652,1.6006372e-07
2014-03-23,279.9438,1.7813844e-07
2014-03-24,278.3499,1.9269969e-07
2014-03-25,277.90265,1.6897283e-07
2014-03-26,278.2505,1.7131556e-07
2014-03-27,278.98242,1.6378783e-07
2014-03-28,280.01727,1.9825927e-07
2014-03-29,283.8607,2.3174121e-07
2014-03-30,284.64026,2.524856e-07
2014-03-31,283.21475,2.641339e-07
2014-04-01,280.50598,2.2250029e-07
2014-04-02,283.0859,1.7778282e-07
2014-04-03,284.31976,2.4714652e-07
2014-04-04,281.286,1.4501416e-07
2014-04-05,282.82773,1.7055704e-07
2014-04-06,285.77466,2.0922595e-07
2014-04-07,287.78015,1.630273e-07
2014-04-08,286.47552,1.5994576e-07
2014-04-09,280.98035,1.3135104e-07
2014-04-10,280.22678,1.534064e-07
2014-04-11,281.7819,1.7907482e-07
2014-04-12,282.89203,1.6854361e-07
2014-04-13,283.93512,1.4516354e-07
2014-04-14,280.64523,1.3515738e-07
2014-04-15,279.94302,1.3876848e-07
2014-04-16,280.59924,1.5893868e-07
2014-04-17,282.15768,1.7105715e-07
2014-04-18,281.55334,1.4495286e-07
2014-04-19,282.94427,1.8670495e-07
2014-04-20,287.45117,1.6771317e-07
2014-04-21,286.76672,1.6682505e-07
2014-04-22,287.84406,1.7943304e-07
2014-04-23,286.83362,1.8680558e-07
2014-04-24,284.70938,1.8396246e-07
2014-04-25,288.70288,1.7675302e-07
2014-04-26,288.4598,1.6082333e-07
2014-04-27,287.44806,1.5286042e-07
2014-04-28,287.9768,1.5592781e-07
2014-04-29,287.6314,1.7487503e-07
2014-04-30,287.78345,1.7939793e-07
2014-05-01,285.53842,1.6529025e-07
2014-05-02,280.42264,1.3373888e-07
2014-05-03,281.5398,1.4361673e-07
2014-05-04,280.97098,1.3945805e-07
2014-05-05,282.99014,1.5656161e-07
2014-05-06,286.1455,1.741674e-07
2014-05-07,286.6999,1.522172e-07
2014-05-08,285.43762,1.3495823e-07
2014-05-09,285.8014,1.290695e-07
2014-05-10,285.56195,1.274242e-07
2014-05-11,285.33987,1.2498299e-07
2014-05-12,283.7134,1.2742561e-07
2014-05-13,283.62207,1.2947254e-07
2014-05-14,282.627,1.2772637e-07
2014-05-15,283.6394,1.2963432e-07
2014-05-16,284.30695,1.3320154e-07
2014-05-17,285.7362,1.2999746e-07
2014-05-18,284.40512,1.4110232e-07
2014-05-19,287.0136,1.6222712e-07
2014-05-20,291.70584,1.6584829e-07
2014-05-21,294.38422,1.7067725e-07
2014-05-22,295.991,1.4232268e-07
2014-05-23,293.83517,1.5161322e-07
2014-05-24,289.99106,1.3108448e-07
2014-05-25,291.65515,1.5856595e-07
2014-05-26,291.4948,1.3340838e-07
2014-05-27,287.51526,1.2014073e-07
2014-05-28,282.41644,1.2422645e-07
2014-05-29,282.1846,1.2575765e-07
2014-05-30,286.9988,1.3423674e-07
2014-05-31,287.61862,1.26335e-07
2014-06-01,287.0132,1.2190685e-07
2014-06-02,287.25504,1.3305595e-07
2014-06-03,288.28735,1.4262537e-07
2014-06-04,290.1793,1.6371487e-07
2014-06-05,289.5533,1.3015766e-07
2014-06-06,290.90698,1.2647722e-07
2014-06-07,293.61887,1.6151401e-07
2014-06-08,296.14914,1.5100032e-07
2014-06-09,294.80835,1.303829e-07
2014-06-10,296.4903,1.3546584e-07
2014-06-11,294.28766,1.4067686e-07
2014-06-12,290.88654,1.0757101e-07
2014-06-13,289.09177,1.0091708e-07
2014-06-14,287.8798,1.0295876e-07
2014-06-15,289.21585,1.2373542e-07
2014-06-16,288.96844,1.2484972e-07
2014-06-17,290.2549,1.1278349e-07
2014-06-18,290.42764,1.2083332e-07
2014-06-19,288.27798,8.159547e-08
2014-06-20,287.80978,8.406025e-08
2014-06-21,287.10953,8.5009226e-08
2014-06-22,287.4973,8.562155e-08
2014-06-23,287.16077,9.943898e-08
2014-06-24,287.52914,9.3310405e-08
2014-06-25,286.84808,1.1165229e-07
2014-06-26,288.4325,1.08449136e-07
2014-06-27,290.72015,1.336508e-07
2014-06-28,291.4459,1.2345774e-07
2014-06-29,288.83463,1.15904285e-07
2014-06-30,288.09348,1.0558445e-07
2014-07-01,287.7832,9.92119e-08
2014-07-02,288.4264,1.0105781e-07
2014-07-03,290.84796,1.0406806e-07
2014-07-04,295.63864,1.4589651e-07
2014-07-05,295.503,1.3718383e-07
2014-07-06,296.958,1.06062394e-07
2014-07-07,295.08606,1.0674803e-07
2014-07-08,293.50308,1.1816675e-07
2014-07-09,296.01898,1.1674829e-07
2014-07-10,295.48935,1.19144275e-07
2014-07-11,293.63348,1.0965188e-07
2014-07-12,289.19278,9.644596e-08
2014-07-13,290.13452,1.0567251e-07
2014-07-14,292.0628,1.13471785e-07
2014-07-15,293.603,1.0990557e-07
2014-07-16,294.1,1.1754415e-07
2014-07-17,294.8023,1.149708e-07
2014-07-18,295.62732,1.0949775e-07
2014-07-19,297.37534,1.11337805e-07
2014-07-20,297.5946,1.1823575e-07
2014-07-21,296.21106,1.1178618e-07
2014-07-22,295.30222,1.2563564e-07
2014-07-23,294.97974,1.10236854e-07
2014-07-24,293.29095,1.15108755e-07
2014-07-25,293.44095,1.2079227e-07
2014-07-26,295.68936,1.3028675e-07
2014-07-27,297.36945,1.4146377e-07
2014-07-28,296.0871,1.4261855e-07
2014-07-29,295.7303,1.4195493e-07
2014-07-30,293.22418,1.4182437e-07
2014-07-31,293.261,1.13197395e-07
2014-08-01,294.85822,1.6302148e-07
2014-08-02,295.9447,1.303092e-07
2014-08-03,296.15652,1.4201086e-07
2014-08-04,292.44702,1.3504476e-07
2014-08-05,292.96143,1.3673774e-07
2014-08-06,293.10187,1.2716254e-07
2014-08-07,292.95248,1.4289388e-07
2014-08-08,293.5731,1.4933616e-07
2014-08-09,294.27258,1.3912235e-07
2014-08-10,293.6012,1.5280483e-07
2014-08-11,292.93753,1.1625976e-07
2014-08-12,291.30588,1.2211743e-07
2014-08-13,291.6307,1.3252892e-07
2014-08-14,290.3303,1.2316302e-07
2014-08-15,289.74857,1.2225325e-07
2014-08-16,288.84036,1.1591744e-07
2014-08-17,289.2805,1.2140035e-07
2014-08-18,289.19327,1.348242e-07
2014-08-19,287.74786,1.2784346e-07
2014-08-20,286.50073,1.2272271e-07
2014-08-21,286.92874,1.3696587e-07
2014-08-22,288.41525,1.4650848e-07
2014-08-23,287.78162,1.3563388e-07
2014-08-24,286.3146,1.316387e-07
2014-08-25,286.449,1.3303821e-07
2014-08-26,287.10413,1.7059716e-07
2014-08-27,288.445,1.366994e-07
2014-08-28,289.9002,1.5570377e-07
2014-08-29,289.6243,1.7070792e-07
2014-08-30,289.67758,1.4619258e-07
2014-08-31,289.01062,1.3881078e-07
2014-09-01,288.01532,1.4861826e-07
2014-09-02,289.0121,1.5135957e-07
2014-09-03,289.0534,1.5179529e-07
2014-09-04,290.11203,1.5328895e-07
2014-09-05,292.2046,1.5253825e-07
2014-09-06,292.75864,1.6201719e-07
2014-09-07,292.46207,1.8576014e-07
2014-09-08,291.18808,1.4908588e-07
2014-09-09,288.29492,1.3220921e-07
2014-09-10,287.64688,1.2611005e-07
2014-09-11,286.7345,1.3928579e-07
2014-09-12,289.06924,1.409875e-07
2014-09-13,289.6505,1.508272e-07
2014-09-14,290.4783,1.6277036e-07
2014-09-15,292.38776,1.5680737e-07
2014-09-16,291.83917,1.4540069e-07
2014-09-17,290.9394,1.546207e-07
2014-09-18,291.5028,1.6196958e-07
2014-09-19,290.67706,1.7208029e-07
2014-09-20,290.68445,1.8496166e-07
2014-09-21,288.81168,1.7866245e-07
2014-09-22,284.78134,1.1773618e-07
2014-09-23,284.54977,1.1906322e-07
2014-09-24,285.29163,1.4043644e-07
2014-09-25,286.09906,1.3062215e-07
2014-09-26,287.49814,1.383056e-07
2014-09-27,287.20364,1.2844384e-07
2014-09-28,286.84964,1.6094646e-07
2014-09-29,288.8764,1.9944856e-07
2014-09-30,288.44202,2.5500663e-07
2014-10-01,289.21637,1.849209e-07
2014-10-02,288.19406,2.0823167e-07
2014-10-03,288.2011,1.8380179e-07
2014-10-04,286.6449,1.531102e-07
2014-10-05,286.446,1.6114132e-07
2014-10-06,286.42755,1.624793e-07
2014-10-07,286.52325,1.5055201e-07
2014-10-08,287.0816,1.2638327e-07
2014-10-09,290.61243,1.3432684e-07
2014-10-10,288.40497,1.4249855e-07
2014-10-11,287.0967,2.1117043e-07
2014-10-12,286.5681,1.6803266e-07
2014-10-13,287.33038,1.6576486e-07
2014-10-14,287.9564,1.9187502e-07
2014-10-15,285.41327,2.0216025e-07
2014-10-16,285.2708,1.7742187e-07
2014-10-17,285.3725,1.646796e-07
2014-10-18,287.0629,1.4946829e-07
2014-10-19,289.51724,1.4091185e-07
2014-10-20,287.34656,1.2350381e-07
2014-10-21,284.6797,1.3239735e-07
2014-10-22,283.1881,1.1932372e-07
2014-10-23,284.40485,1.5891516e-07
2014-10-24,282.60394,1.5897733e-07
2014-10-25,281.35712,1.5883174e-07
2014-10-26,284.71863,1.6181033e-07
2014-10-27,285.43768,1.5647859e-07
2014-10-28,281.83615,1.9057194e-07
2014-10-29,279.7902,1.9137593e-07
2014-10-30,281.91882,2.0281634e-07
2014-10-31,284.18213,2.204344e-07
2014-11-01,284.82547,2.1609858e-07
2014-11-02,285.283,1.9731235e-07
2014-11-03,286.60858,1.68414e-07
2014-11-04,285.2957,1.7224397e-07
2014-11-05,282.94214,2.3852428e-07
2014-11-06,282.09567,1.5832256e-07
2014-11-07,281.17395,1.8251195e-07
2014-11-08,282.18744,1.6481665e-07
2014-11-09,281.17078,1.8935623e-07
2014-11-10,281.4394,2.2454093e-07
2014-11-11,281.06097,2.3292363e-07
2014-11-12,283.6022,2.0235414e-07
2014-11-13,283.64737,2.6721347e-07
2014-11-14,282.85248,2.2458798e-07
2014-11-15,282.19736,1.8210083e-07
2014-11-16,281.07428,1.7250014e-07
2014-11-17,281.23688,1.997712e-07
2014-11-18,278.91882,1.6981826e-07
2014-11-19,277.376,1.5710005e-07
2014-11-20,278.59573,1.7048795e-07
2014-11-21,278.92233,1.9051357e-07
2014-11-22,278.36526,1.7763728e-07
2014-11-23,278.32098,2.0873829e-07
2014-11-24,279.94693,1.9227416e-07
2014-11-25,278.30756,1.5735372e-07
2014-11-26,277.5186,1.6109578e-07
2014-11-27,276.49695,1.8140128e-07
2014-11-28,274.3213,1.5416283e-07
2014-11-29,272.35312,1.4642785e-07
2014-11-30,270.94818,1.5574413e-07
2014-12-01,268.8037,1.5458828e-07
2014-12-02,269.03708,1.4780309e-07
2014-12-03,270.41586,1.5882753e-07
2014-12-04,273.5075,1.9638168e-07
2014-12-05,274.2115,2.4893174e-07
2014-12-06,276.07745,2.6773066e-07
2014-12-07,275.2652,1.9744465e-07
2014-12-08,276.28888,1.518826e-07
2014-12-09,275.47357,1.6658659e-07
2014-12-10,275.24576,1.5716776e-07
2014-12-11,276.17984,1.458085e-07
2014-12-12,278.5946,1.2941919e-07
2014-12-13,277.63217,1.4232575e-07
2014-12-14,275.81137,1.7641182e-07
2014-12-15,276.5976,1.723651e-07
2014-12-16,277.76804,1.623101e-07
2014-12-17,275.44827,1.596795e-07
2014-12-18,281.1338,1.5842848e-07
2014-12-19,283.21332,1.2386135e-07
2014-12-20,278.55328,1.3163637e-07
2014-12-21,278.45514,1.3811481e-07
2014-12-22,282.1829,1.2819464e-07
2014-12-23,283.44443,1.0415435e-07
2014-12-24,281.65234,1.2517715e-07
2014-12-25,277.69843,1.3974255e-07
2014-12-26,272.7008,1.669983e-07
2014-12-27,269.70316,1.964845e-07
2014-12-28,270.53864,1.7781942e-07
2014-12-29,270.4584,1.9534542e-07
2014-12-30,272.3047,2.0012025e-07
2014-12-31,276.3373,1.9008922e-07
2015-01-01,276.04944,1.974764e-07
2015-01-02,278.78458,1.5824537e-07
2015-01-03,277.2735,1.4754868e-07
2015-01-04,276.078,1.3591475e-07
2015-01-05,276.3108,1.6807682e-07
2015-01-06,274.7488,2.3340809e-07
2015-01-07,275.42374,2.3013146e-07
2015-01-08,276.54083,1.888254e-07
2015-01-09,279.3338,1.3618006e-07
2015-01-10,281.74722,1.259809e-07
2015-01-11,276.92786,1.3540668e-07
2015-01-12,278.32318,1.4877637e-07
2015-01-13,281.92206,1.5269907e-07
2015-01-14,278.62427,1.582651e-07
2015-01-15,276.79352,1.6166194e-07
2015-01-16,280.4289,1.729101e-07
2015-01-17,276.74066,2.1767056e-07
2015-01-18,273.821,2.1482222e-07
2015-01-19,273.09998,2.6419778e-07
2015-01-20,273.8624,3.0802101e-07
2015-01-21,273.20984,2.870575e-07
2015-01-22,272.71854,2.694872e-07
2015-01-23,272.92065,2.2517429e-07
2015-01-24,272.44897,2.1156005e-07
2015-01-25,274.23996,1.789603e-07
2015-01-26,275.15576,1.907614e-07
2015-01-27,276.177,1.5189059e-07
2015-01-28,275.44275,1.6853986e-07
2015-01-29,274.92502,1.513629e-07
2015-01-30,273.34644,2.0265708e-07
2015-01-31,273.70782,1.7917851e-07
2015-02-01,274.26434,2.0340102e-07
2015-02-02,273.74313,1.7476137e-07
2015-02-03,272.1656,1.8803422e-07
2015-02-04,271.77496,1.9987775e-07
2015-02-05,271.32275,2.457482e-07
2015-02-06,270.40112,2.2627938e-07
2015-02-07,273.52457,1.8138219e-07
2015-02-08,274.1091,1.3246441e-07
2015-02-09,276.3144,1.2811925e-07
2015-02-10,276.7348,1.3675465e-07
2015-02-11,276.12653,1.5493802e-07
2015-02-12,274.73578,2.0264802e-07
2015-02-13,273.84164,2.3640072e-07
2015-02-14,273.87073,2.75006e-07
2015-02-15,275.0028,2.510273e-07
2015-02-16,273.60437,1.8903862e-07
2015-02-17,273.72446,2.1845713e-07
2015-02-18,275.37537,2.5890918e-07
2015-02-19,276.40707,2.2930348e-07
2015-02-20,275.58313,2.348601e-07
2015-02-21,278.91653,1.8064796e-07
2015-02-22,276.1583,1.7310809e-07
2015-02-23,275.04016,1.8552805e-07
2015-02-24,277.56146,1.7263281e-07
2015-02-25,276.4674,1.9243511e-07
2015-02-26,276.4108,2.2680035e-07
2015-02-27,276.90234,2.1238307e-07
2015-02-28,276.46384,1.6687018e-07
2015-03-01,276.69452,1.6379062e-07
2015-03-02,277.49194,1.505406e-07
2015-03-03,276.8173,1.4800028e-07
2015-03-04,276.88794,1.5999248e-07
2015-03-05,276.79843,1.5748984e-07
2015-03-06,278.2731,1.8474087e-07
2015-03-07,280.47034,1.8704372e-07
2015-03-08,282.92145,1.8908584e-07
2015-03-09,281.43515,1.8208759e-07
2015-03-10,280.7334,1.8917359e-07
2015-03-11,278.2477,1.5338371e-07
2015-03-12,275.30627,1.6299461e-07
2015-03-13,275.59723,1.726907e-07
2015-03-14,276.73364,1.8249585e-07
2015-03-15,278.4476,1.939116e-07
2015-03-16,281.4842,1.9702156e-07
2015-03-17,283.61475,1.7757337e-07
2015-03-18,282.2552,1.6964334e-07
2015-03-19,279.97723,2.1123293e-07
2015-03-20,279.06738,3.0530788e-07
2015-03-21,275.6594,2.3212944e-07
2015-03-22,274.0906,1.4975686e-07
2015-03-23,277.08438,2.0048017e-07
2015-03-24,279.175,3.097548e-07
2015-03-25,281.49854,2.728014e-07
2015-03-26,281.21735,2.4612032e-07
2015-03-27,279.8934,2.0633868e-07
2015-03-28,279.51663,1.6879918e-07
2015-03-29,281.96164,1.4793592e-07
2015-03-30,279.818,1.3458794e-07
2015-03-31,277.91516,1.3876969e-07
2015-04-01,276.89453,1.3280734e-07
2015-04-02,276.34082,1.3676679e-07
2015-04-03,277.59818,1.426131e-07
2015-04-04,277.24182,1.7236438e-07
2015-04-05,278.16492,1.7921694e-07
2015-04-06,277.11313,1.7273003e-07
2015-04-07,278.47873,1.8490567e-07
2015-04-08,280.7412,1.4138146e-07
2015-04-09,282.23175,2.1880895e-07
2015-04-10,284.9914,2.6346584e-07
2015-04-11,287.6738,2.0265213e-07
2015-04-12,282.76276,1.4463379e-07
2015-04-13,282.24365,1.4592042e-07
2015-04-14,281.47113,1.5363398e-07
2015-04-15,287.17505,1.4929562e-07
2015-04-16,282.54242,1.3793876e-07
2015-04-17,280.14307,1.4613165e-07
2015-04-18,279.35614,1.5995103e-07
2015-04-19,281.58682,1.960215e-07
2015-04-20,283.03674,1.564095e-07
2015-04-21,284.5516,1.548371e-07
2015-04-22,282.09103,1.3934753e-07
2015-04-23,283.7705,1.5682409e-07
2015-04-24,285.72067,1.6133235e-07
2015-04-25,287.38843,1.9043142e-07
2015-04-26,286.26617,1.6836526e-07
2015-04-27,281.2639,1.6394806e-07
2015-04-28,280.70004,1.45516e-07
2015-04-29,281.36987,1.4990056e-07
2015-04-30,283.8667,1.5795838e-07
2015-05-01,281.4991,1.5047222e-07
2015-05-02,282.03558,1.5587834e-07
2015-05-03,285.57706,1.675287e-07
2015-05-04,289.6584,1.3405536e-07
2015-05-05,291.2131,1.477017e-07
2015-05-06,288.13846,1.2756848e-07
2015-05-07,286.06805,1.3507896e-07
2015-05-08,285.3685,1.5287054e-07
2015-05-09,287.6903,1.4681903e-07
2015-05-10,284.3868,1.3134448e-07
2015-05-11,286.44135,1.5888452e-07
2015-05-12,290.27487,1.612348e-07
2015-05-13,285.71268,1.2851946e-07
2015-05-14,283.41318,1.2471054e-07
2015-05-15,284.0135,1.3127493e-07
2015-05-16,283.42966,1.4319005e-07
2015-05-17,283.95056,1.2191887e-07
2015-05-18,285.65393,1.403235e-07
2015-05-19,287.58362,1.341961e-07
2015-05-20,285.83792,1.5443229e-07
2015-05-21,284.7718,1.3017754e-07
2015-05-22,286.6528,1.376767e-07
2015-05-23,287.12213,1.4300284e-07
2015-05-24,286.5886,1.3372282e-07
2015-05-25,288.01685,1.5203688e-07
2015-05-26,284.58533,1.1731166e-07
2015-05-27,284.07062,1.1366083e-07
2015-05-28,286.66815,1.2615047e-07
2015-05-29,285.8474,1.2286333e-07
2015-05-30,285.9823,1.1978223e-07
2015-05-31,286.95972,1.2342436e-07
2015-06-01,287.8129,1.1648564e-07
2015-06-02,290.16336,1.2036567e-07
2015-06-03,291.97412,1.0293651e-07
2015-06-04,287.755,1.1105789e-07
2015-06-05,291.8577,1.1567644e-07
2015-06-06,294.77884,1.2970631e-07
2015-06-07,289.86218,1.1634687e-07
2015-06-08,286.97284,1.0939415e-07
2015-06-09,287.27652,1.1157407e-07
2015-06-10,288.8453,1.12858814e-07
2015-06-11,289.7719,1.239042e-07
2015-06-12,292.28918,1.18233004e-07
2015-06-13,294.90536,1.277066e-07
2015-06-14,289.86996,1.2153163e-07
2015-06-15,286.5792,1.016251e-07
2015-06-16,285.5272,1.0420703e-07
2015-06-17,287.2404,1.1098853e-07
2015-06-18,287.74878,1.09026715e-07
2015-06-19,285.75574,1.0089174e-07
2015-06-20,285.88766,1.0443527e-07
2015-06-21,287.04285,1.0436572e-07
2015-06-22,287.64075,1.09370134e-07
2015-06-23,285.5515,1.09266665e-07
2015-06-24,286.05664,1.0012423e-07
2015-06-25,289.8061,1.1025128e-07
2015-06-26,290.3991,1.4245606e-07
2015-06-27,291.09653,1.2592795e-07
2015-06-28,289.9018,1.02967704e-07
2015-06-29,292.7351,1.2915174e-07
2015-06-30,292.1224,9.734404e-08
2015-07-01,292.86975,9.667502e-08
2015-07-02,295.8263,9.311576e-08
2015-07-03,298.67224,1.0576535e-07
2015-07-04,301.5149,1.26772e-07
2015-07-05,300.6405,1.2400702e-07
2015-07-06,294.5182,1.0482414e-07
2015-07-07,295.54193,1.294677e-07
2015-07-08,291.9169,1.02691814e-07
2015-07-09,288.0692,8.818918e-08
2015-07-10,287.2616,8.719567e-08
2015-07-11,289.30017,9.9301886e-08
2015-07-12,289.92227,1.2291626e-07
2015-07-13,290.07758,1.2049806e-07
2015-07-14,290.14304,1.3428854e-07
2015-07-15,291.23395,1.1711653e-07
2015-07-16,291.80704,1.3353451e-07
2015-07-17,294.8238,1.3582132e-07
2015-07-18,294.79684,1.376148e-07
2015-07-19,288.9355,1.1435468e-07
2015-07-20,290.83508,1.1313196e-07
2015-07-21,293.89526,1.18995985e-07
2015-07-22,295.14136,1.370862e-07
2015-07-23,292.40408,1.1030909e-07
2015-07-24,292.31003,1.1478381e-07
2015-07-25,293.61115,1.16628186e-07
2015-07-26,289.3614,1.0526624e-07
2015-07-27,289.3775,1.2361309e-07
2015-07-28,289.42972,1.08562475e-07
2015-07-29,289.258,1.10502555e-07
2015-07-30,287.94116,1.0275681e-07
2015-07-31,287.58505,1.0102912e-07
2015-08-01,289.9111,1.2697559e-07
2015-08-02,293.42664,1.4121973e-07
2015-08-03,295.14215,1.3869183e-07
2015-08-04,298.73468,1.5203764e-07
2015-08-05,293.8285,1.2579311e-07
2015-08-06,296.99457,1.4487948e-07
2015-08-07,298.82428,1.557554e-07
2015-08-08,295.40854,1.2846428e-07
2015-08-09,293.02338,1.044885e-07
2015-08-10,294.7541,1.1483793e-07
2015-08-11,296.62796,1.3916092e-07
2015-08-12,293.1585,1.14928696e-07
2015-08-13,293.67627,1.01234946e-07
2015-08-14,297.8629,1.213869e-07
2015-08-15,297.19482,1.6864603e-07
2015-08-16,295.41223,1.691374e-07
2015-08-17,295.74146,1.5500348e-07
2015-08-18,294.32068,1.412926e-07
2015-08-19,292.83636,1.5915506e-07
2015-08-20,293.04742,1.6595601e-07
2015-08-21,293.2555,1.4669249e-07
2015-08-22,293.344,1.5169016e-07
2015-08-23,292.6118,1.3341896e-07
2015-08-24,293.8709,1.3655325e-07
2015-08-25,291.80127,1.2172626e-07
2015-08-26,292.37183,1.1907052e-07
2015-08-27,293.37494,1.3461836e-07
2015-08-28,289.62006,1.1447733e-07
2015-08-29,291.42126,1.3474504e-07
2015-08-30,293.94363,1.5367395e-07
2015-08-31,297.39313,1.5232544e-07
2015-09-01,294.8419,1.4284271e-07
2015-09-02,288.97842,1.15347376e-07
2015-09-03,287.83112,1.4840677e-07
2015-09-04,287.69537,1.488745e-07
2015-09-05,287.1792,1.1074792e-07
2015-09-06,286.2835,1.03272775e-07
2015-09-07,286.54404,1.1208813e-07
2015-09-08,287.09222,1.2212723e-07
2015-09-09,286.54715,1.1470546e-07
2015-09-10,286.89014,1.2935092e-07
2015-09-11,286.9679,1.4066066e-07
2015-09-12,288.65555,1.514116e-07
2015-09-13,291.24167,1.574345e-07
2015-09-14,291.13904,1.4881313e-07
2015-09-15,288.67035,1.1670714e-07
2015-09-16,289.20795,1.3517553e-07
2015-09-17,292.49832,1.173107e-07
2015-09-18,288.6841,1.2253157e-07
2015-09-19,287.95108,1.4194006e-07
2015-09-20,285.7268,1.2422055e-07
2015-09-21,285.54614,1.264602e-07
2015-09-22,287.59265,1.4633291e-07
2015-09-23,285.97357,1.5637356e-07
2015-09-24,286.64435,1.416941e-07
2015-09-25,287.5395,1.3399121e-07
2015-09-26,285.80917,1.3737001e-07
2015-09-27,285.2903,1.3182277e-07
2015-09-28,285.2857,1.402526e-07
2015-09-29,284.9404,1.3271396e-07
2015-09-30,284.08386,1.364739e-07
2015-10-01,284.07935,1.7993906e-07
2015-10-02,284.558,1.6590451e-07
2015-10-03,284.78146,2.2073078e-07
2015-10-04,286.61694,2.2183937e-07
2015-10-05,286.36932,1.8421252e-07
2015-10-06,286.6739,1.4989483e-07
2015-10-07,285.90112,1.5295998e-07
2015-10-08,281.1402,1.3694935e-07
2015-10-09,280.86206,1.4878177e-07
2015-10-10,279.25513,1.3734319e-07
2015-10-11,278.56183,1.3176123e-07
2015-10-12,277.9135,1.4103632e-07
2015-10-13,277.20563,1.4288123e-07
2015-10-14,277.85196,1.7514839e-07
2015-10-15,279.0722,1.8293372e-07
2015-10-16,279.68506,1.9389603e-07
2015-10-17,281.01874,2.1622182e-07
2015-10-18,281.58218,2.0444564e-07
2015-10-19,282.1632,2.0152663e-07
2015-10-20,282.0469,1.530859e-07
2015-10-21,281.90912,1.2917833e-07
2015-10-22,282.3786,1.518213e-07
2015-10-23,284.5949,1.1447003e-07
2015-10-24,283.04865,1.5997753e-07
2015-10-25,283.0852,1.5659072e-07
2015-10-26,280.8168,1.6331202e-07
2015-10-27,281.32425,1.646885e-07
2015-10-28,281.54947,1.8326298e-07
2015-10-29,281.02814,2.250931e-07
2015-10-30,281.14395,2.8193608e-07
2015-10-31,283.30112,2.362196e-07
2015-11-01,282.29874,2.2368238e-07
2015-11-02,280.04572,3.4691269e-07
2015-11-03,277.70447,3.6279243e-07
2015-11-04,276.43384,3.7393042e-07
2015-11-05,280.88104,3.569644e-07
2015-11-06,283.9795,2.3678278e-07
2015-11-07,287.38043,1.5361185e-07
2015-11-08,286.25397,1.209056e-07
2015-11-09,286.0852,1.3647154e-07
2015-11-10,287.1209,1.2686813e-07
2015-11-11,287.33643,1.3630456e-07
2015-11-12,285.4028,1.3332217e-07
2015-11-13,284.0787,1.6335566e-07
2015-11-14,280.61572,1.2257617e-07
2015-11-15,281.57666,1.3932348e-07
2015-11-16,283.29803,1.5365566e-07
2015-11-17,284.3781,1.3558821e-07
2015-11-18,284.48383,1.2261744e-07
2015-11-19,284.09113,1.2269965e-07
2015-11-20,280.84924,1.302641e-07
2015-11-21,278.15488,1.4247071e-07
2015-11-22,275.1191,1.4639687e-07
2015-11-23,274.57736,1.648821e-07
2015-11-24,274.72726,1.5958682e-07
2015-11-25,275.07013,1.749362e-07
2015-11-26,276.83133,1.7362508e-07
2015-11-27,275.0192,1.7861085e-07
2015-11-28,274.76416,1.5833979e-07
2015-11-29,278.63492,1.4863542e-07
2015-11-30,279.0976,1.3271776e-07
2015-12-01,278.42847,1.4819094e-07
2015-12-02,281.4179,1.450775e-07
2015-12-03,281.75412,1.5038464e-07
2015-12-04,280.3204,1.623785e-07
2015-12-05,280.6597,1.5521577e-07
2015-12-06,281.89294,1.5314687e-07
2015-12-07,283.5978,1.810908e-07
2015-12-08,282.15317,2.6082225e-07
2015-12-09,280.3287,1.9516969e-07
2015-12-10,277.55002,1.6192999e-07
2015-12-11,277.82526,1.6704266e-07
2015-12-12,278.84003,1.445168e-07
2015-12-13,278.8579,1.4664276e-07
2015-12-14,274.75842,1.8544054e-07
2015-12-15,277.1215,2.497813e-07
2015-12-16,278.0479,2.639328e-07
2015-12-17,283.26242,1.773391e-07
2015-12-18,283.8036,1.636522e-07
2015-12-19,283.31378,1.7888054e-07
2015-12-20,282.7512,1.9429558e-07
2015-12-21,282.8177,1.8252067e-07
2015-12-22,284.0845,1.4254542e-07
2015-12-23,285.18835,1.5221198e-07
2015-12-24,281.10016,1.6820522e-07
2015-12-25,281.98904,1.5602208e-07
2015-12-26,285.2988,1.5531134e-07
2015-12-27,284.62616,1.7051765e-07
2015-12-28,280.3586,1.62838e-07
2015-12-29,277.49854,1.6152347e-07
2015-12-30,275.09146,1.7784718e-07
2015-12-31,273.1947,1.8733965e-07
2016-01-01,274.72827,2.7395583e-07
2016-01-02,270.52026,2.3505429e-07
2016-01-03,264.23004,1.6992843e-07
2016-01-04,264.8024,1.9441876e-07
2016-01-05,265.4845,1.9632856e-07
2016-01-06,265.30618,2.1319352e-07
2016-01-07,266.4501,2.3997833e-07
2016-01-08,274.65872,2.104562e-07
2016-01-09,273.8331,2.134666e-07
2016-01-10,273.9475,2.9034678e-07
2016-01-11,273.61115,2.4973238e-07
2016-01-12,275.1786,2.63695e-07
2016-01-13,274.11423,1.9375479e-07
2016-01-14,274.21234,2.1075039e-07
2016-01-15,272.63672,2.5270714e-07
2016-01-16,273.0567,2.1618122e-07
2016-01-17,271.77716,2.1350276e-07
2016-01-18,269.1435,1.7565004e-07
2016-01-19,268.3376,2.166075e-07
2016-01-20,271.0144,2.0131048e-07
2016-01-21,269.8926,1.8214656e-07
2016-01-22,268.48022,2.2637789e-07
2016-01-23,271.2337,2.6987436e-07
2016-01-24,276.49088,2.0362128e-07
2016-01-25,280.08582,2.0257345e-07
2016-01-26,281.12506,2.0455876e-07
2016-01-27,282.65588,1.6815967e-07
2016-01-28,281.0752,1.5103494e-07
2016-01-29,278.49277,1.6630018e-07
2016-01-30,280.97955,1.5013512e-07
2016-01-31,277.0064,1.4492997e-07
2016-02-01,278.9131,1.7147818e-07
2016-02-02,282.24463,1.3668182e-07
2016-02-03,278.9499,1.4827094e-07
2016-02-04,275.8866,1.7065045e-07
2016-02-05,275.16672,1.7305699e-07
2016-02-06,280.84164,1.9443132e-07
2016-02-07,281.07062,2.0381165e-07
2016-02-08,280.79956,1.5862089e-07
2016-02-09,280.2414,1.4418501e-07
2016-02-10,278.17743,1.5441165e-07
2016-02-11,277.22266,1.6074215e-07
2016-02-12,276.01694,1.920822e-07
2016-02-13,275.41336,2.3694572e-07
2016-02-14,275.14008,1.9747506e-07
2016-02-15,274.70795,1.9956622e-07
2016-02-16,273.52734,1.7766084e-07
2016-02-17,273.37335,1.969569e-07
2016-02-18,274.70016,2.2040726e-07
2016-02-19,275.23135,3.3745442e-07
2016-02-20,276.4682,2.0424389e-07
2016-02-21,280.39023,1.5048724e-07
2016-02-22,280.70325,1.4076019e-07
2016-02-23,277.20786,1.5890787e-07
2016-02-24,275.84467,1.5203699e-07
2016-02-25,273.6502,1.6805924e-07
2016-02-26,274.31732,1.6877715e-07
2016-02-27,273.8908,2.1816899e-07
2016-02-28,275.1153,2.1104864e-07
2016-02-29,273.17365,1.7904885e-07
2016-03-01,274.38055,1.7604773e-07
2016-03-02,276.86072,1.8001336e-07
2016-03-03,276.2186,2.026839e-07
2016-03-04,276.49872,1.9541771e-07
2016-03-05,278.19678,2.0084157e-07
2016-03-06,275.92545,2.3427256e-07
2016-03-07,274.75967,2.0708768e-07
2016-03-08,275.1115,2.45299e-07
2016-03-09,276.36426,1.9977696e-07
2016-03-10,277.1748,2.0785332e-07
2016-03-11,275.05817,1.9886218e-07
2016-03-12,274.47195,1.7160558e-07
2016-03-13,273.7022,1.727843e-07
2016-03-14,275.23114,1.9165543e-07
2016-03-15,277.0333,1.7553339e-07
2016-03-16,277.026,2.0345766e-07
2016-03-17,277.4211,2.9313944e-07
2016-03-18,276.35175,1.6472707e-07
2016-03-19,277.88995,1.882834e-07
2016-03-20,278.28085,1.396539e-07
2016-03-21,278.7321,1.512046e-07
2016-03-22,278.6118,1.5339023e-07
2016-03-23,278.3396,1.7185535e-07
2016-03-24,277.6294,1.7498205e-07
2016-03-25,279.566,1.7783636e-07
2016-03-26,281.211,1.6236389e-07
2016-03-27,282.41568,1.74224e-07
2016-03-28,282.53842,1.683469e-07
2016-03-29,280.66312,1.5275889e-07
2016-03-30,280.38055,1.5172395e-07
2016-03-31,280.16266,1.598262e-07
2016-04-01,279.87732,1.6841634e-07
2016-04-02,281.58026,1.8179584e-07
2016-04-03,284.90802,2.0426438e-07
2016-04-04,287.39972,3.0427674e-07
2016-04-05,287.0465,2.2974636e-07
2016-04-06,284.15277,1.5219089e-07
2016-04-07,283.0645,1.4071233e-07
2016-04-08,281.27042,1.5998853e-07
2016-04-09,281.70328,1.970671e-07
2016-04-10,280.85977,1.5674856e-07
2016-04-11,280.5802,1.5990314e-07
2016-04-12,283.21118,1.8236797e-07
2016-04-13,284.23944,2.367305e-07
2016-04-14,281.17715,1.7654548e-07
2016-04-15,281.80835,2.1143055e-07
2016-04-16,284.42865,1.5778781e-07
2016-04-17,282.04428,1.5017767e-07
2016-04-18,280.5974,1.4499608e-07
2016-04-19,282.2887,1.3760695e-07
2016-04-20,281.61044,1.374118e-07
2016-04-21,281.4378,1.470707e-07
2016-04-22,281.6598,1.3937373e-07
2016-04-23,279.88693,1.4377477e-07
2016-04-24,276.40527,1.438975e-07
2016-04-25,277.44852,1.4696384e-07
2016-04-26,278.1754,1.4172797e-07
2016-04-27,278.60287,1.4452604e-07
2016-04-28,278.6011,1.4513844e-07
2016-04-29,281.27167,1.5458441e-07
2016-04-30,284.55188,1.6337535e-07
2016-05-01,284.12418,1.7843962e-07
2016-05-02,285.1648,1.642652e-07
2016-05-03,285.44354,1.8484133e-07
2016-05-04,282.82117,1.310615e-07
2016-05-05,284.72723,1.4715206e-07
2016-05-06,288.6789,1.5486535e-07
2016-05-07,290.97668,1.5026251e-07
2016-05-08,291.5203,1.4990185e-07
2016-05-09,292.0923,1.485495e-07
2016-05-10,292.20734,1.4792226e-07
2016-05-11,292.16342,1.5057752e-07
2016-05-12,290.38293,1.4088702e-07
2016-05-13,287.69446,1.383217e-07
2016-05-14,284.14847,1.2508848e-07
2016-05-15,281.21002,1.2355078e-07
2016-05-16,282.9585,1.1980893e-07
2016-05-17,282.94138,1.1377911e-07
2016-05-18,286.48608,1.3226446e-07
2016-05-19,289.46057,1.5317141e-07
2016-05-20,289.33206,1.41441e-07
2016-05-21,290.92303,1.350994e-07
2016-05-22,294.34424,1.4136499e-07
2016-05-23,292.85254,1.6136244e-07
2016-05-24,288.76004,1.436306e-07
2016-05-25,287.90308,1.3975156e-07
2016-05-26,287.83704,1.514075e-07
2016-05-27,288.95972,1.6051904e-07
2016-05-28,290.30133,1.3261922e-07
2016-05-29,293.21008,1.4451466e-07
2016-05-30,294.69043,1.3964242e-07
2016-05-31,294.00656,1.3666683e-07
2016-06-01,292.1223,1.4079758e-07
2016-06-02,293.52927,1.3963925e-07
2016-06-03,294.74954,1.3293604e-07
2016-06-04,294.37027,1.4776666e-07
2016-06-05,294.6845,1.4723892e-07
2016-06-06,292.417,1.1999396e-07
2016-06-07,292.42383,1.2614355e-07
2016-06-08,292.10278,1.293839e-07
2016-06-09,290.67688,1.1925977e-07
2016-06-10,289.20938,1.1015138e-07
2016-06-11,289.16058,1.2154145e-07
2016-06-12,287.87613,1.225846e-07
2016-06-13,288.5406,1.253615e-07
2016-06-14,289.8609,1.263949e-07
2016-06-15,289.7945,1.2247311e-07
2016-06-16,290.65448,1.1562229e-07
2016-06-17,288.83008,1.3229227e-07
2016-06-18,289.54718,1.0458411e-07
2016-06-19,289.45352,1.13622704e-07
2016-06-20,290.64844,1.0952327e-07
2016-06-21,291.6224,1.0417543e-07
2016-06-22,294.74554,1.202449e-07
2016-06-23,298.00317,1.3432336e-07
2016-06-24,299.80563,1.1469393e-07
2016-06-25,297.07092,1.1956683e-07
2016-06-26,292.65222,9.6336336e-08
2016-06-27,292.485,1.026509e-07
2016-06-28,291.4955,1.04122805e-07
2016-06-29,291.8807,1.17284515e-07
2016-06-30,292.67377,1.159058e-07
2016-07-01,294.6127,1.07970536e-07
2016-07-02,292.16522,1.02247114e-07
2016-07-03,288.62454,9.527463e-08
2016-07-04,290.15192,9.704712e-08
2016-07-05,292.20337,1.0883385e-07
2016-07-06,288.5024,8.3549914e-08
2016-07-07,289.41916,8.768639e-08
2016-07-08,291.81052,1.0967288e-07
2016-07-09,290.97177,8.63033e-08
2016-07-10,295.96378,1.0226836e-07
2016-07-11,296.8416,9.636885e-08
2016-07-12,293.96155,9.356834e-08
2016-07-13,290.81238,9.248664e-08
2016-07-14,288.81018,9.173405e-08
2016-07-15,288.95624,9.040126e-08
2016-07-16,290.9422,9.328627e-08
2016-07-17,291.8597,8.9894876e-08
2016-07-18,290.91763,9.209419e-08
2016-07-19,292.42023,8.632682e-08
2016-07-20,294.8737,9.9943904e-08
2016-07-21,295.99384,9.5250115e-08
2016-07-22,295.86328,9.420652e-08
2016-07-23,295.0354,1.0211168e-07
2016-07-24,295.83768,1.3062717e-07
2016-07-25,297.37357,1.5521638e-07
2016-07-26,295.6443,1.1158947e-07
2016-07-27,292.6765,1.11424505e-07
2016-07-28,293.22705,1.1670318e-07
2016-07-29,293.42145,1.1539687e-07
2016-07-30,293.3562,1.0182565e-07
2016-07-31,291.8614,1.0095931e-07
2016-08-01,289.7873,9.4824095e-08
2016-08-02,289.4252,1.0671042e-07
2016-08-03,290.93668,1.1643057e-07
2016-08-04,293.41226,9.138157e-08
2016-08-05,291.5881,1.04549684e-07
2016-08-06,290.85916,8.810282e-08
2016-08-07,291.8096,9.1175664e-08
2016-08-08,294.0829,1.0108434e-07
2016-08-09,289.4625,9.672726e-08
2016-08-10,286.41318,9.853241e-08
2016-08-11,286.51913,9.588392e-08
2016-08-12,289.15768,1.1010628e-07
2016-08-13,293.13403,9.2037965e-08
2016-08-14,290.8878,9.747259e-08
2016-08-15,289.91718,9.306354e-08
2016-08-16,288.9947,9.963444e-08
2016-08-17,289.12955,1.1354946e-07
2016-08-18,289.5939,1.18579e-07
2016-08-19,291.79248,1.3329233e-07
2016-08-20,293.11612,1.3393904e-07
2016-08-21,291.82602,1.2274641e-07
2016-08-22,291.40027,1.1779144e-07
2016-08-23,292.68414,1.0684446e-07
2016-08-24,294.26678,1.4479662e-07
2016-08-25,295.8181,1.13686426e-07
2016-08-26,298.2811,1.2513821e-07
2016-08-27,295.4233,1.2684207e-07
2016-08-28,297.4014,1.3656395e-07
2016-08-29,292.64124,1.112523e-07
2016-08-30,290.4408,9.771168e-08
2016-08-31,292.38538,1.4999223e-07
2016-09-01,293.08838,1.217065e-07
2016-09-02,292.36548,1.11355696e-07
2016-09-03,292.67572,1.2218933e-07
2016-09-04,291.47272,1.17740775e-07
2016-09-05,289.8804,9.74617e-08
2016-09-06,290.10794,1.1627424e-07
2016-09-07,291.79822,1.362277e-07
2016-09-08,294.45825,1.4971886e-07
2016-09-09,293.902,1.5779379e-07
2016-09-10,292.64008,1.4839776e-07
2016-09-11,294.8673,1.4208098e-07
2016-09-12,295.30222,1.4773057e-07
2016-09-13,296.8397,1.549531e-07
2016-09-14,295.8676,1.2815582e-07
2016-09-15,293.5063,1.0966484e-07
2016-09-16,293.1483,1.4470338e-07
2016-09-17,292.02533,1.251727e-07
2016-09-18,288.98773,1.0629362e-07
2016-09-19,288.393,1.10195444e-07
2016-09-20,288.1489,1.177975e-07
2016-09-21,288.74,1.1614074e-07
2016-09-22,288.3453,1.4039854e-07
2016-09-23,289.0463,1.6493293e-07
2016-09-24,288.87134,1.2531069e-07
2016-09-25,288.99033,1.3032833e-07
2016-09-26,289.39252,1.5113514e-07
2016-09-27,289.38086,1.5275815e-07
2016-09-28,290.30078,1.2711544e-07
2016-09-29,293.125,1.0312675e-07
2016-09-30,289.11926,9.697696e-08
2016-10-01,285.95337,1.4269516e-07
2016-10-02,287.12946,1.3929592e-07
2016-10-03,285.1496,1.5587322e-07
2016-10-04,285.5778,1.00475674e-07
2016-10-05,282.82382,1.010306e-07
2016-10-06,284.11057,1.0715864e-07
2016-10-07,283.64532,1.2131517e-07
2016-10-08,282.6153,1.0630792e-07
2016-10-09,281.81418,1.16772284e-07
2016-10-10,280.9284,1.5555719e-07
2016-10-11,281.44986,1.730248e-07
2016-10-12,280.47113,1.3805477e-07
2016-10-13,280.4282,1.3567157e-07
2016-10-14,280.99884,1.302038e-07
2016-10-15,281.7552,1.4313164e-07
2016-10-16,281.46475,1.594738e-07
2016-10-17,280.72552,1.5478412e-07
2016-10-18,282.56165,1.9913745e-07
2016-10-19,282.02414,1.6345335e-07
2016-10-20,280.79318,1.4724677e-07
2016-10-21,280.3598,1.6188812e-07
2016-10-22,279.57974,1.8722486e-07
2016-10-23,278.49506,2.3671433e-07
2016-10-24,280.7183,1.7622084e-07
2016-10-25,282.2378,1.727106e-07
2016-10-26,280.08972,1.6454395e-07
2016-10-27,282.419,1.7051596e-07
2016-10-28,284.33667,1.3758032e-07
2016-10-29,282.81113,1.1830652e-07
2016-10-30,281.81717,1.2435605e-07
2016-10-31,280.91626,1.7128451e-07
2016-11-01,283.3862,1.6139276e-07
2016-11-02,279.4274,1.2302881e-07
2016-11-03,277.35886,1.3854745e-07
2016-11-04,278.77466,1.554864e-07
2016-11-05,278.86624,1.8817636e-07
2016-11-06,278.18912,1.7672944e-07
2016-11-07,276.2967,1.5218941e-07
2016-11-08,275.20947,1.6139924e-07
2016-11-09,274.1586,1.5237765e-07
2016-11-10,273.821,1.6973274e-07
2016-11-11,274.55,1.8797604e-07
2016-11-12,272.77722,2.1416096e-07
2016-11-13,271.45715,2.416906e-07
2016-11-14,272.8768,2.0880258e-07
2016-11-15,275.75934,1.8500417e-07
2016-11-16,280.15265,1.5558e-07
2016-11-17,282.3223,1.334675e-07
2016-11-18,282.5065,1.2635024e-07
2016-11-19,279.3664,1.5056845e-07
2016-11-20,279.4262,1.562181e-07
2016-11-21,282.94858,1.7071278e-07
2016-11-22,282.3131,2.2489753e-07
2016-11-23,280.5422,3.8159857e-07
2016-11-24,278.13727,2.0968199e-07
2016-11-25,274.7743,1.5749353e-07
2016-11-26,273.92432,1.5285843e-07
2016-11-27,278.09055,1.2989426e-07
2016-11-28,274.31036,1.3143867e-07
2016-11-29,272.67297,1.5980365e-07
2016-11-30,274.9705,1.6332018e-07
2016-12-01,280.03806,1.2360681e-07
2016-12-02,277.34247,1.273031e-07
2016-12-03,273.6234,1.7647031e-07
2016-12-04,273.4615,2.2321049e-07
2016-12-05,272.19095,2.5485144e-07
2016-12-06,275.2663,2.0911422e-07
2016-12-07,275.08755,2.3573975e-07
2016-12-08,281.48056,1.7192602e-07
2016-12-09,281.19702,1.7578176e-07
2016-12-10,282.57257,1.9298326e-07
2016-12-11,280.2303,1.8151508e-07
2016-12-12,277.2083,1.3881056e-07
2016-12-13,275.42255,1.8199971e-07
2016-12-14,277.13852,1.9817534e-07
2016-12-15,273.2533,1.7465284e-07
2016-12-16,274.26273,1.7213796e-07
2016-12-17,272.79282,2.2634178e-07
2016-12-18,276.41223,2.2257822e-07
2016-12-19,276.89096,2.4602025e-07
2016-12-20,273.85056,2.1369857e-07
2016-12-21,272.8482,2.2016687e-07
2016-12-22,274.5403,2.3971603e-07
2016-12-23,276.90796,2.1190237e-07
2016-12-24,277.8547,1.6152185e-07
2016-12-25,279.99066,1.3582078e-07
2016-12-26,281.67618,1.2590667e-07
2016-12-27,279.12628,1.273052e-07
2016-12-28,278.61423,1.44559e-07
2016-12-29,276.9219,1.7470603e-07
2016-12-30,274.39673,2.219392e-07
2016-12-31,274.15863,2.5867425e-07
